Altitude,ArgusOrgId,LocationCode,CreatedBy,CreatedOn,Description,ExternalReference,FloorNo,FullName,Id,Latitude,Longitude,ModifiedBy,ModifiedOn,Name,ParentLocationId,SecondaryQrCode,TopLocationId,LocationTypeId
,,PARQ,07a8840e-239a-4bab-a924-8d4a211c66f9,02/18/2025 12:36:51,,,,PARQ,1,,,07a8840e-239a-4bab-a924-8d4a211c66f9,11/26/2025 10:15:17,PARQ,,,1,5
,,PARQ.PARQ,07a8840e-239a-4bab-a924-8d4a211c66f9,02/19/2025 13:44:58,,,,PARQ.PARQ Zone (Not Used),2,,,07a8840e-239a-4bab-a924-8d4a211c66f9,11/26/2025 10:15:17,PARQ Zone (Not Used),1,,2,4
,,PARQ.PARQ.Carpark,07a8840e-239a-4bab-a924-8d4a211c66f9,02/19/2025 13:47:45,,,,PARQ.PARQ Zone (Not Used).Car Park,3,,,07a8840e-239a-4bab-a924-8d4a211c66f9,11/26/2025 10:15:17,Car Park,2,,3,7
,,PARQ.PARQ.Retail,07a8840e-239a-4bab-a924-8d4a211c66f9,02/19/2025 13:47:45,,,,PARQ.PARQ Zone (Not Used).Retail,4,,,07a8840e-239a-4bab-a924-8d4a211c66f9,11/26/2025 10:15:17,Retail,2,,4,7
,,PARQ.PARQ.Office,07a8840e-239a-4bab-a924-8d4a211c66f9,02/19/2025 13:47:45,,,,PARQ.PARQ Zone (Not Used).Office,5,,,07a8840e-239a-4bab-a924-8d4a211c66f9,11/26/2025 10:15:17,Office,2,,5,7
,,PARQ.PARQ.CP,07a8840e-239a-4bab-a924-8d4a211c66f9,02/19/2025 13:48:06,,,,PARQ.Car Park,6,,,07a8840e-239a-4bab-a924-8d4a211c66f9,11/26/2025 10:15:17,Car Park,1,,6,1
,,PARQ.PARQ.RW,07a8840e-239a-4bab-a924-8d4a211c66f9,02/19/2025 13:48:06,,,,PARQ.Retail West Wing,7,,,07a8840e-239a-4bab-a924-8d4a211c66f9,11/26/2025 10:15:17,Retail West Wing,1,,7,1
,,PARQ.PARQ.EW,07a8840e-239a-4bab-a924-8d4a211c66f9,02/19/2025 13:48:06,,,,PARQ.Retail East Wing,8,,,07a8840e-239a-4bab-a924-8d4a211c66f9,11/26/2025 10:15:17,Retail East Wing,1,,8,1
,,PARQ.PARQ.OW,07a8840e-239a-4bab-a924-8d4a211c66f9,02/19/2025 13:48:06,,,,PARQ.Office West Wing,9,,,07a8840e-239a-4bab-a924-8d4a211c66f9,11/26/2025 10:15:17,Office West Wing,1,,9,1
,,PARQ.PARQ.OE,07a8840e-239a-4bab-a924-8d4a211c66f9,02/19/2025 13:48:06,,,,PARQ.Office East Wing,10,,,07a8840e-239a-4bab-a924-8d4a211c66f9,11/26/2025 10:15:17,Office East Wing,1,,10,1
,,PARQ.PARQ.CPB1,07a8840e-239a-4bab-a924-8d4a211c66f9,02/19/2025 13:48:55,,,-1,PARQ.Car Park.Car Park B1,11,,,07a8840e-239a-4bab-a924-8d4a211c66f9,11/26/2025 10:15:17,Car Park B1,6,,6,2
,,PARQ.PARQ.CPB2,07a8840e-239a-4bab-a924-8d4a211c66f9,02/19/2025 13:48:55,,,-2,PARQ.Car Park.Car Park B2,12,,,07a8840e-239a-4bab-a924-8d4a211c66f9,11/26/2025 10:15:17,Car Park B2,6,,6,2
,,PARQ.PARQ.CPB3,07a8840e-239a-4bab-a924-8d4a211c66f9,02/19/2025 13:48:55,,,-3,PARQ.Car Park.Car Park B3,13,,,07a8840e-239a-4bab-a924-8d4a211c66f9,11/26/2025 10:15:17,Car Park B3,6,,6,2
,,PARQ.PARQ.RWB1,07a8840e-239a-4bab-a924-8d4a211c66f9,02/19/2025 13:48:55,,,-1,PARQ.Retail West Wing.B1,14,,,07a8840e-239a-4bab-a924-8d4a211c66f9,11/26/2025 10:15:17,B1,7,,7,2
,,PARQ.PARQ.RWB2,07a8840e-239a-4bab-a924-8d4a211c66f9,02/19/2025 13:48:55,,,-2,PARQ.Retail West Wing.B2,15,,,07a8840e-239a-4bab-a924-8d4a211c66f9,11/26/2025 10:15:17,B2,7,,7,2
,,PARQ.PARQ.RW1F,07a8840e-239a-4bab-a924-8d4a211c66f9,02/19/2025 13:48:55,,,1,PARQ.Retail West Wing.1 Floor,16,,,07a8840e-239a-4bab-a924-8d4a211c66f9,11/26/2025 10:15:17,1 Floor,7,,7,2
,,PARQ.PARQ.RW2F,07a8840e-239a-4bab-a924-8d4a211c66f9,02/19/2025 13:48:55,,,2,PARQ.Retail West Wing.2 Floor,17,,,07a8840e-239a-4bab-a924-8d4a211c66f9,11/26/2025 10:15:17,2 Floor,7,,7,2
,,PARQ.PARQ.RW3F,07a8840e-239a-4bab-a924-8d4a211c66f9,02/19/2025 13:48:55,,,3,PARQ.Retail West Wing.3 Floor,18,,,07a8840e-239a-4bab-a924-8d4a211c66f9,11/26/2025 10:15:17,3 Floor,7,,7,2
,,PARQ.PARQ.REB1,07a8840e-239a-4bab-a924-8d4a211c66f9,02/19/2025 13:48:55,,,-1,PARQ.Retail East Wing.B1,19,,,07a8840e-239a-4bab-a924-8d4a211c66f9,11/26/2025 10:15:17,B1,8,,8,2
,,PARQ.PARQ.REB2,07a8840e-239a-4bab-a924-8d4a211c66f9,02/19/2025 13:48:55,,,2,PARQ.Retail East Wing.B2,20,,,07a8840e-239a-4bab-a924-8d4a211c66f9,11/26/2025 10:15:17,B2,8,,8,2
,,PARQ.PARQ.RE1F,07a8840e-239a-4bab-a924-8d4a211c66f9,02/19/2025 13:48:55,,,1,PARQ.Retail East Wing.1 Floor,21,,,07a8840e-239a-4bab-a924-8d4a211c66f9,11/26/2025 10:15:17,1 Floor,8,,8,2
,,PARQ.PARQ.RE2F,07a8840e-239a-4bab-a924-8d4a211c66f9,02/19/2025 13:48:55,,,2,PARQ.Retail East Wing.2 Floor,22,,,07a8840e-239a-4bab-a924-8d4a211c66f9,11/26/2025 10:15:17,2 Floor,8,,8,2
,,PARQ.PARQ.RE3F,07a8840e-239a-4bab-a924-8d4a211c66f9,02/19/2025 13:48:55,,,3,PARQ.Retail East Wing.3 Floor,23,,,07a8840e-239a-4bab-a924-8d4a211c66f9,11/26/2025 10:15:17,3 Floor,8,,8,2
,,PARQ.PARQ.OW1F,07a8840e-239a-4bab-a924-8d4a211c66f9,02/19/2025 13:48:55,,,1,PARQ.Office West Wing.1 Floor,24,,,07a8840e-239a-4bab-a924-8d4a211c66f9,11/26/2025 10:15:17,1 Floor,9,,9,2
,,PARQ.PARQ.OW2F,07a8840e-239a-4bab-a924-8d4a211c66f9,02/19/2025 13:48:55,,,2,PARQ.Office West Wing.2 Floor,25,,,07a8840e-239a-4bab-a924-8d4a211c66f9,11/26/2025 10:15:17,2 Floor,9,,9,2
,,PARQ.PARQ.OW3F,07a8840e-239a-4bab-a924-8d4a211c66f9,02/19/2025 13:48:55,,,3,PARQ.Office West Wing.3 Floor,26,,,07a8840e-239a-4bab-a924-8d4a211c66f9,11/26/2025 10:15:17,3 Floor,9,,9,2
,,PARQ.PARQ.OW4F,07a8840e-239a-4bab-a924-8d4a211c66f9,02/19/2025 13:48:55,,,4,PARQ.Office West Wing.4 Floor,27,,,07a8840e-239a-4bab-a924-8d4a211c66f9,11/26/2025 10:15:17,4 Floor,9,,9,2
,,PARQ.PARQ.OW5F,07a8840e-239a-4bab-a924-8d4a211c66f9,02/19/2025 13:48:55,,,5,PARQ.Office West Wing.5 Floor,28,,,07a8840e-239a-4bab-a924-8d4a211c66f9,11/26/2025 10:15:17,5 Floor,9,,9,2
,,PARQ.PARQ.OW6F,07a8840e-239a-4bab-a924-8d4a211c66f9,02/19/2025 13:48:55,,,6,PARQ.Office West Wing.6 Floor,29,,,07a8840e-239a-4bab-a924-8d4a211c66f9,11/26/2025 10:15:17,6 Floor,9,,9,2
,,PARQ.PARQ.OW7F,07a8840e-239a-4bab-a924-8d4a211c66f9,02/19/2025 13:48:55,,,7,PARQ.Office West Wing.7 Floor,30,,,07a8840e-239a-4bab-a924-8d4a211c66f9,11/26/2025 10:15:17,7 Floor,9,,9,2
,,PARQ.PARQ.OW8F,07a8840e-239a-4bab-a924-8d4a211c66f9,02/19/2025 13:48:55,,,8,PARQ.Office West Wing.8 Floor,31,,,07a8840e-239a-4bab-a924-8d4a211c66f9,11/26/2025 10:15:17,8 Floor,9,,9,2
,,PARQ.PARQ.OW9F,07a8840e-239a-4bab-a924-8d4a211c66f9,02/19/2025 13:48:55,,,9,PARQ.Office West Wing.9 Floor,32,,,07a8840e-239a-4bab-a924-8d4a211c66f9,11/26/2025 10:15:17,9 Floor,9,,9,2
,,PARQ.PARQ.OW10F,07a8840e-239a-4bab-a924-8d4a211c66f9,02/19/2025 13:48:55,,,10,PARQ.Office West Wing.10 Floor,33,,,07a8840e-239a-4bab-a924-8d4a211c66f9,11/26/2025 10:15:17,10 Floor,9,,9,2
,,PARQ.PARQ.OW11F,07a8840e-239a-4bab-a924-8d4a211c66f9,02/19/2025 13:48:55,,,11,PARQ.Office West Wing.11 Floor,34,,,07a8840e-239a-4bab-a924-8d4a211c66f9,11/26/2025 10:15:17,11 Floor,9,,9,2
,,PARQ.PARQ.OW12F,07a8840e-239a-4bab-a924-8d4a211c66f9,02/19/2025 13:48:55,,,12,PARQ.Office West Wing.12 Floor,35,,,07a8840e-239a-4bab-a924-8d4a211c66f9,11/26/2025 10:15:17,12 Floor,9,,9,2
,,PARQ.PARQ.OW14F,07a8840e-239a-4bab-a924-8d4a211c66f9,02/19/2025 13:48:56,,,14,PARQ.Office West Wing.14 Floor,36,,,07a8840e-239a-4bab-a924-8d4a211c66f9,11/26/2025 10:15:17,14 Floor,9,,9,2
,,PARQ.PARQ.OW15F,07a8840e-239a-4bab-a924-8d4a211c66f9,02/19/2025 13:48:56,,,15,PARQ.Office West Wing.15 Floor,37,,,07a8840e-239a-4bab-a924-8d4a211c66f9,11/26/2025 10:15:17,15 Floor,9,,9,2
,,PARQ.PARQ.OW16F,07a8840e-239a-4bab-a924-8d4a211c66f9,02/19/2025 13:48:56,,,16,PARQ.Office West Wing.16 Floor,38,,,07a8840e-239a-4bab-a924-8d4a211c66f9,11/26/2025 10:15:17,16 Floor,9,,9,2
,,PARQ.PARQ.OW17F,07a8840e-239a-4bab-a924-8d4a211c66f9,02/19/2025 13:48:56,,,17,PARQ.Office West Wing.17 Floor,39,,,07a8840e-239a-4bab-a924-8d4a211c66f9,11/26/2025 10:15:17,17 Floor,9,,9,2
,,PARQ.PARQ.OWRF,07a8840e-239a-4bab-a924-8d4a211c66f9,02/19/2025 13:48:56,,,18,PARQ.Office West Wing.Rooftop Floor,40,,,07a8840e-239a-4bab-a924-8d4a211c66f9,11/26/2025 10:15:17,Rooftop Floor,9,,9,2
,,PARQ.PARQ.OE1F,07a8840e-239a-4bab-a924-8d4a211c66f9,02/19/2025 13:48:56,,,1,PARQ.Office East Wing.1 Floor,41,,,07a8840e-239a-4bab-a924-8d4a211c66f9,11/26/2025 10:15:17,1 Floor,10,,10,2
,,PARQ.PARQ.OE2F,07a8840e-239a-4bab-a924-8d4a211c66f9,02/19/2025 13:48:56,,,2,PARQ.Office East Wing.2 Floor,42,,,07a8840e-239a-4bab-a924-8d4a211c66f9,11/26/2025 10:15:17,2 Floor,10,,10,2
,,PARQ.PARQ.OE3F,07a8840e-239a-4bab-a924-8d4a211c66f9,02/19/2025 13:48:56,,,3,PARQ.Office East Wing.3 Floor,43,,,07a8840e-239a-4bab-a924-8d4a211c66f9,11/26/2025 10:15:17,3 Floor,10,,10,2
,,PARQ.PARQ.OE4F,07a8840e-239a-4bab-a924-8d4a211c66f9,02/19/2025 13:48:56,,,4,PARQ.Office East Wing.4 Floor,44,,,07a8840e-239a-4bab-a924-8d4a211c66f9,11/26/2025 10:15:17,4 Floor,10,,10,2
,,PARQ.PARQ.OE5F,07a8840e-239a-4bab-a924-8d4a211c66f9,02/19/2025 13:48:56,,,5,PARQ.Office East Wing.5 Floor,45,,,07a8840e-239a-4bab-a924-8d4a211c66f9,11/26/2025 10:15:17,5 Floor,10,,10,2
,,PARQ.PARQ.OE6F,07a8840e-239a-4bab-a924-8d4a211c66f9,02/19/2025 13:48:56,,,6,PARQ.Office East Wing.6 Floor,46,,,07a8840e-239a-4bab-a924-8d4a211c66f9,11/26/2025 10:15:17,6 Floor,10,,10,2
,,PARQ.PARQ.OE7F,07a8840e-239a-4bab-a924-8d4a211c66f9,02/19/2025 13:48:56,,,7,PARQ.Office East Wing.7 Floor,47,,,07a8840e-239a-4bab-a924-8d4a211c66f9,11/26/2025 10:15:17,7 Floor,10,,10,2
,,PARQ.PARQ.OE8F,07a8840e-239a-4bab-a924-8d4a211c66f9,02/19/2025 13:48:56,,,8,PARQ.Office East Wing.8 Floor,48,,,07a8840e-239a-4bab-a924-8d4a211c66f9,11/26/2025 10:15:17,8 Floor,10,,10,2
,,PARQ.PARQ.OE9F,07a8840e-239a-4bab-a924-8d4a211c66f9,02/19/2025 13:48:56,,,9,PARQ.Office East Wing.9 Floor,49,,,07a8840e-239a-4bab-a924-8d4a211c66f9,11/26/2025 10:15:17,9 Floor,10,,10,2
,,PARQ.PARQ.OE10F,07a8840e-239a-4bab-a924-8d4a211c66f9,02/19/2025 13:48:56,,,10,PARQ.Office East Wing.10 Floor,50,,,07a8840e-239a-4bab-a924-8d4a211c66f9,11/26/2025 10:15:17,10 Floor,10,,10,2
,,PARQ.PARQ.OE11F,07a8840e-239a-4bab-a924-8d4a211c66f9,02/19/2025 13:48:56,,,11,PARQ.Office East Wing.11 Floor,51,,,07a8840e-239a-4bab-a924-8d4a211c66f9,11/26/2025 10:15:17,11 Floor,10,,10,2
,,PARQ.PARQ.OE12F,07a8840e-239a-4bab-a924-8d4a211c66f9,02/19/2025 13:48:56,,,12,PARQ.Office East Wing.12 Floor,52,,,07a8840e-239a-4bab-a924-8d4a211c66f9,11/26/2025 10:15:17,12 Floor,10,,10,2
,,PARQ.PARQ.OE14F,07a8840e-239a-4bab-a924-8d4a211c66f9,02/19/2025 13:48:56,,,14,PARQ.Office East Wing.14 Floor,53,,,07a8840e-239a-4bab-a924-8d4a211c66f9,11/26/2025 10:15:17,14 Floor,10,,10,2
,,PARQ.PARQ.OE15F,07a8840e-239a-4bab-a924-8d4a211c66f9,02/19/2025 13:48:56,,,15,PARQ.Office East Wing.15 Floor,54,,,07a8840e-239a-4bab-a924-8d4a211c66f9,11/26/2025 10:15:17,15 Floor,10,,10,2
,,PARQ.PARQ.OE16F,07a8840e-239a-4bab-a924-8d4a211c66f9,02/19/2025 13:48:56,,,16,PARQ.Office East Wing.16 Floor,55,,,07a8840e-239a-4bab-a924-8d4a211c66f9,11/26/2025 10:15:17,16 Floor,10,,10,2
,,PARQ.PARQ.OE17F,07a8840e-239a-4bab-a924-8d4a211c66f9,02/19/2025 13:48:56,,,17,PARQ.Office East Wing.17 Floor,56,,,07a8840e-239a-4bab-a924-8d4a211c66f9,11/26/2025 10:15:17,17 Floor,10,,10,2
,,PARQ.PARQ.OERF,07a8840e-239a-4bab-a924-8d4a211c66f9,02/19/2025 13:48:56,,,18,PARQ.Office East Wing.Rooftop Floor,57,,,07a8840e-239a-4bab-a924-8d4a211c66f9,11/26/2025 10:15:17,Rooftop Floor,10,,10,2
,,PARQ.PARQ.CPB1.B1A.A,07a8840e-239a-4bab-a924-8d4a211c66f9,02/19/2025 13:49:46,,,,PARQ.Car Park.Car Park B1.B1A.A,58,,,07a8840e-239a-4bab-a924-8d4a211c66f9,11/26/2025 10:15:17,B1A.A,11,,6,3
,,PARQ.PARQ.CPB1.B1A.B,07a8840e-239a-4bab-a924-8d4a211c66f9,02/19/2025 13:49:46,,,,PARQ.Car Park.Car Park B1.B1A.B,59,,,07a8840e-239a-4bab-a924-8d4a211c66f9,11/26/2025 10:15:17,B1A.B,11,,6,3
,,PARQ.PARQ.CPB1.B1A.C,07a8840e-239a-4bab-a924-8d4a211c66f9,02/19/2025 13:49:46,,,,PARQ.Car Park.Car Park B1.B1A.C,60,,,07a8840e-239a-4bab-a924-8d4a211c66f9,11/26/2025 10:15:17,B1A.C,11,,6,3
,,PARQ.PARQ.CPB1.B1A.D,07a8840e-239a-4bab-a924-8d4a211c66f9,02/19/2025 13:49:46,,,,PARQ.Car Park.Car Park B1.B1A.D,61,,,07a8840e-239a-4bab-a924-8d4a211c66f9,11/26/2025 10:15:17,B1A.D,11,,6,3
,,PARQ.PARQ.CPB1.B1A.E,07a8840e-239a-4bab-a924-8d4a211c66f9,02/19/2025 13:49:46,,,,PARQ.Car Park.Car Park B1.B1A.E,62,,,07a8840e-239a-4bab-a924-8d4a211c66f9,11/26/2025 10:15:17,B1A.E,11,,6,3
,,PARQ.PARQ.CPB1.B1A.F,07a8840e-239a-4bab-a924-8d4a211c66f9,02/19/2025 13:49:46,,,,PARQ.Car Park.Car Park B1.B1A.F,63,,,07a8840e-239a-4bab-a924-8d4a211c66f9,11/26/2025 10:15:17,B1A.F,11,,6,3
,,PARQ.PARQ.CPB1.B1A.G,07a8840e-239a-4bab-a924-8d4a211c66f9,02/19/2025 13:49:46,,,,PARQ.Car Park.Car Park B1.B1A.G,64,,,07a8840e-239a-4bab-a924-8d4a211c66f9,11/26/2025 10:15:17,B1A.G,11,,6,3
,,PARQ.PARQ.CPB1.B1A.H,07a8840e-239a-4bab-a924-8d4a211c66f9,02/19/2025 13:49:46,,,,PARQ.Car Park.Car Park B1.B1A.H,65,,,07a8840e-239a-4bab-a924-8d4a211c66f9,11/26/2025 10:15:17,B1A.H,11,,6,3
,,PARQ.PARQ.CPB1.B1A.J,07a8840e-239a-4bab-a924-8d4a211c66f9,02/19/2025 13:49:46,,,,PARQ.Car Park.Car Park B1.B1A.J,66,,,07a8840e-239a-4bab-a924-8d4a211c66f9,11/26/2025 10:15:17,B1A.J,11,,6,3
,,PARQ.PARQ.CPB1.B1A.K,07a8840e-239a-4bab-a924-8d4a211c66f9,02/19/2025 13:49:46,,,,PARQ.Car Park.Car Park B1.B1A.K,67,,,07a8840e-239a-4bab-a924-8d4a211c66f9,11/26/2025 10:15:17,B1A.K,11,,6,3
,,PARQ.PARQ.CPB1.B1A.L,07a8840e-239a-4bab-a924-8d4a211c66f9,02/19/2025 13:49:46,,,,PARQ.Car Park.Car Park B1.B1A.L,68,,,07a8840e-239a-4bab-a924-8d4a211c66f9,11/26/2025 10:15:17,B1A.L,11,,6,3
,,PARQ.PARQ.CPB1.B1A.M,07a8840e-239a-4bab-a924-8d4a211c66f9,02/19/2025 13:49:46,,,,PARQ.Car Park.Car Park B1.B1A.M,69,,,07a8840e-239a-4bab-a924-8d4a211c66f9,11/26/2025 10:15:17,B1A.M,11,,6,3
,,PARQ.PARQ.CPB1.B1B.E,07a8840e-239a-4bab-a924-8d4a211c66f9,02/19/2025 13:49:46,,,,PARQ.Car Park.Car Park B1.B1B.E,70,,,07a8840e-239a-4bab-a924-8d4a211c66f9,11/26/2025 10:15:17,B1B.E,11,,6,3
,,PARQ.PARQ.CPB1.B1B.F,07a8840e-239a-4bab-a924-8d4a211c66f9,02/19/2025 13:49:46,,,,PARQ.Car Park.Car Park B1.B1B.F,71,,,07a8840e-239a-4bab-a924-8d4a211c66f9,11/26/2025 10:15:17,B1B.F,11,,6,3
,,PARQ.PARQ.CPB1.B1C.E,07a8840e-239a-4bab-a924-8d4a211c66f9,02/19/2025 13:49:46,,,,PARQ.Car Park.Car Park B1.B1C.E,72,,,07a8840e-239a-4bab-a924-8d4a211c66f9,11/26/2025 10:15:17,B1C.E,11,,6,3
,,PARQ.PARQ.CPB1.B1C.F,07a8840e-239a-4bab-a924-8d4a211c66f9,02/19/2025 13:49:46,,,,PARQ.Car Park.Car Park B1.B1C.F,73,,,07a8840e-239a-4bab-a924-8d4a211c66f9,11/26/2025 10:15:17,B1C.F,11,,6,3
,,PARQ.PARQ.CPB2.B2A.A,07a8840e-239a-4bab-a924-8d4a211c66f9,02/19/2025 13:49:46,,,,PARQ.Car Park.Car Park B2.B2A.A,74,,,07a8840e-239a-4bab-a924-8d4a211c66f9,11/26/2025 10:15:17,B2A.A,12,,6,3
,,PARQ.PARQ.CPB2.B2A.B,07a8840e-239a-4bab-a924-8d4a211c66f9,02/19/2025 13:49:46,,,,PARQ.Car Park.Car Park B2.B2A.B,75,,,07a8840e-239a-4bab-a924-8d4a211c66f9,11/26/2025 10:15:17,B2A.B,12,,6,3
,,PARQ.PARQ.CPB2.B2A.C,07a8840e-239a-4bab-a924-8d4a211c66f9,02/19/2025 13:49:46,,,,PARQ.Car Park.Car Park B2.B2A.C,76,,,07a8840e-239a-4bab-a924-8d4a211c66f9,11/26/2025 10:15:17,B2A.C,12,,6,3
,,PARQ.PARQ.CPB2.B2A.D,07a8840e-239a-4bab-a924-8d4a211c66f9,02/19/2025 13:49:46,,,,PARQ.Car Park.Car Park B2.B2A.D,77,,,07a8840e-239a-4bab-a924-8d4a211c66f9,11/26/2025 10:15:17,B2A.D,12,,6,3
,,PARQ.PARQ.CPB2.B2A.E,07a8840e-239a-4bab-a924-8d4a211c66f9,02/19/2025 13:49:46,,,,PARQ.Car Park.Car Park B2.B2A.E,78,,,07a8840e-239a-4bab-a924-8d4a211c66f9,11/26/2025 10:15:17,B2A.E,12,,6,3
,,PARQ.PARQ.CPB2.B2A.F,07a8840e-239a-4bab-a924-8d4a211c66f9,02/19/2025 13:49:46,,,,PARQ.Car Park.Car Park B2.B2A.F,79,,,07a8840e-239a-4bab-a924-8d4a211c66f9,11/26/2025 10:15:17,B2A.F,12,,6,3
,,PARQ.PARQ.CPB2.B2A.G,07a8840e-239a-4bab-a924-8d4a211c66f9,02/19/2025 13:49:46,,,,PARQ.Car Park.Car Park B2.B2A.G,80,,,07a8840e-239a-4bab-a924-8d4a211c66f9,11/26/2025 10:15:17,B2A.G,12,,6,3
,,PARQ.PARQ.CPB2.B2A.H,07a8840e-239a-4bab-a924-8d4a211c66f9,02/19/2025 13:49:46,,,,PARQ.Car Park.Car Park B2.B2A.H,81,,,07a8840e-239a-4bab-a924-8d4a211c66f9,11/26/2025 10:15:17,B2A.H,12,,6,3
,,PARQ.PARQ.CPB2.B2A.J,07a8840e-239a-4bab-a924-8d4a211c66f9,02/19/2025 13:49:46,,,,PARQ.Car Park.Car Park B2.B2A.J,82,,,07a8840e-239a-4bab-a924-8d4a211c66f9,11/26/2025 10:15:17,B2A.J,12,,6,3
,,PARQ.PARQ.CPB2.B2A.K,07a8840e-239a-4bab-a924-8d4a211c66f9,02/19/2025 13:49:46,,,,PARQ.Car Park.Car Park B2.B2A.K,83,,,07a8840e-239a-4bab-a924-8d4a211c66f9,11/26/2025 10:15:17,B2A.K,12,,6,3
,,PARQ.PARQ.CPB2.B2A.L,07a8840e-239a-4bab-a924-8d4a211c66f9,02/19/2025 13:49:46,,,,PARQ.Car Park.Car Park B2.B2A.L,84,,,07a8840e-239a-4bab-a924-8d4a211c66f9,11/26/2025 10:15:17,B2A.L,12,,6,3
,,PARQ.PARQ.CPB2.B2A.M,07a8840e-239a-4bab-a924-8d4a211c66f9,02/19/2025 13:49:46,,,,PARQ.Car Park.Car Park B2.B2A.M,85,,,07a8840e-239a-4bab-a924-8d4a211c66f9,11/26/2025 10:15:17,B2A.M,12,,6,3
,,PARQ.PARQ.CPB2.B2A.N,07a8840e-239a-4bab-a924-8d4a211c66f9,02/19/2025 13:49:46,,,,PARQ.Car Park.Car Park B2.B2A.N,86,,,07a8840e-239a-4bab-a924-8d4a211c66f9,11/26/2025 10:15:17,B2A.N,12,,6,3
,,PARQ.PARQ.CPB2.B2B.E,07a8840e-239a-4bab-a924-8d4a211c66f9,02/19/2025 13:49:46,,,,PARQ.Car Park.Car Park B2.B2B.E,87,,,07a8840e-239a-4bab-a924-8d4a211c66f9,11/26/2025 10:15:17,B2B.E,12,,6,3
,,PARQ.PARQ.CPB2.B2B.F,07a8840e-239a-4bab-a924-8d4a211c66f9,02/19/2025 13:49:46,,,,PARQ.Car Park.Car Park B2.B2B.F,88,,,07a8840e-239a-4bab-a924-8d4a211c66f9,11/26/2025 10:15:17,B2B.F,12,,6,3
,,PARQ.PARQ.CPB1.RecycleGarbage,07a8840e-239a-4bab-a924-8d4a211c66f9,02/19/2025 13:49:46,,,,PARQ.Car Park.Car Park B1.Recycle Garbage Room,89,,,07a8840e-239a-4bab-a924-8d4a211c66f9,11/26/2025 10:15:17,Recycle Garbage Room,11,,6,3
,,PARQ.PARQ.CPB1.MotorcycleParking,07a8840e-239a-4bab-a924-8d4a211c66f9,02/19/2025 13:49:46,,,,PARQ.Car Park.Car Park B1.Motorcycle Parking,90,,,07a8840e-239a-4bab-a924-8d4a211c66f9,11/26/2025 10:15:17,Motorcycle Parking,11,,6,3
,,PARQ.PARQ.CPB1.BikeRoom,07a8840e-239a-4bab-a924-8d4a211c66f9,02/19/2025 13:49:46,,,,PARQ.Car Park.Car Park B1.BIKE Room,91,,,07a8840e-239a-4bab-a924-8d4a211c66f9,11/26/2025 10:15:17,BIKE Room,11,,6,3
,,PARQ.PARQ.CPB1.BikeRoom.WomenToilet,07a8840e-239a-4bab-a924-8d4a211c66f9,02/19/2025 13:49:46,,,,PARQ.Car Park.Car Park B1.BIKE Room Women Toilet,92,,,07a8840e-239a-4bab-a924-8d4a211c66f9,11/26/2025 10:15:17,BIKE Room Women Toilet,11,,6,3
,,PARQ.PARQ.CPB1.BikeRoom.MenToilet,07a8840e-239a-4bab-a924-8d4a211c66f9,02/19/2025 13:49:46,,,,PARQ.Car Park.Car Park B1.BIKE Room Men Toilet,93,,,07a8840e-239a-4bab-a924-8d4a211c66f9,11/26/2025 10:15:17,BIKE Room Men Toilet,11,,6,3
,,PARQ.PARQ.CPB1.Mailroom,07a8840e-239a-4bab-a924-8d4a211c66f9,02/19/2025 13:49:46,,,,PARQ.Car Park.Car Park B1.Mail room,94,,,07a8840e-239a-4bab-a924-8d4a211c66f9,11/26/2025 10:15:17,Mail room,11,,6,3
,,PARQ.PARQ.CPB1.Security,07a8840e-239a-4bab-a924-8d4a211c66f9,02/19/2025 13:49:46,,,,PARQ.Car Park.Car Park B1.Security & Guard Room,95,,,07a8840e-239a-4bab-a924-8d4a211c66f9,11/26/2025 10:15:17,Security & Guard Room,11,,6,3
,,PARQ.PARQ.CPB1.DieselPumpDischarge,07a8840e-239a-4bab-a924-8d4a211c66f9,02/19/2025 13:49:46,,,,PARQ.Car Park.Car Park B1.Diesel Pump Discharge Shaft,96,,,07a8840e-239a-4bab-a924-8d4a211c66f9,11/26/2025 10:15:17,Diesel Pump Discharge Shaft,11,,6,3
,,PARQ.PARQ.CPB1.West.EERoom,07a8840e-239a-4bab-a924-8d4a211c66f9,02/19/2025 13:49:46,,,,PARQ.Car Park.Car Park B1.West wing EE Room,97,,,07a8840e-239a-4bab-a924-8d4a211c66f9,11/26/2025 10:15:17,West wing EE Room,11,,6,3
,,PARQ.PARQ.CPB1.WaterRecycleRoom,07a8840e-239a-4bab-a924-8d4a211c66f9,02/19/2025 13:49:46,,,,PARQ.Car Park.Car Park B1.Water Recycle Room,98,,,07a8840e-239a-4bab-a924-8d4a211c66f9,11/26/2025 10:15:17,Water Recycle Room,11,,6,3
,,PARQ.PARQ.CPB2.West.PumpRoom,07a8840e-239a-4bab-a924-8d4a211c66f9,02/19/2025 13:49:46,,,,PARQ.Car Park.Car Park B1.West wing Pump Room,99,,,07a8840e-239a-4bab-a924-8d4a211c66f9,11/26/2025 10:15:17,West wing Pump Room,11,,6,3
,,PARQ.PARQ.CPB1.East.PumpRoom,07a8840e-239a-4bab-a924-8d4a211c66f9,02/19/2025 13:49:46,,,,PARQ.Car Park.Car Park B1.East wing Pump Room,100,,,07a8840e-239a-4bab-a924-8d4a211c66f9,11/26/2025 10:15:17,East wing Pump Room,11,,6,3
,,PARQ.PARQ.CPB1.East.EE Room,07a8840e-239a-4bab-a924-8d4a211c66f9,02/19/2025 13:49:46,,,,PARQ.Car Park.Car Park B1.East wing EE Room,101,,,07a8840e-239a-4bab-a924-8d4a211c66f9,11/26/2025 10:15:17,East wing EE Room,11,,6,3
,,PARQ.PARQ.CPB1.BTS,07a8840e-239a-4bab-a924-8d4a211c66f9,02/19/2025 13:49:46,,,,PARQ.Car Park.Car Park B1.Base Transceiver Station,102,,,07a8840e-239a-4bab-a924-8d4a211c66f9,11/26/2025 10:15:17,Base Transceiver Station,11,,6,3
,,PARQ.PARQ.CPB1.EventStorage(B1A.A07-A10),07a8840e-239a-4bab-a924-8d4a211c66f9,02/19/2025 13:49:46,,,,PARQ.Car Park.Car Park B1.Event Storage(A07-A10),103,,,07a8840e-239a-4bab-a924-8d4a211c66f9,11/26/2025 10:15:17,Event Storage(A07-A10),11,,6,3
,,PARQ.PARQ.CPB2.CleaningRoom,07a8840e-239a-4bab-a924-8d4a211c66f9,02/19/2025 13:49:46,,,,PARQ.Retail West Wing.B1.Cleaning Room,104,,,07a8840e-239a-4bab-a924-8d4a211c66f9,11/26/2025 10:15:17,Cleaning Room,14,,7,3
,,PARQ.PARQ.CPB2.GardenerRoom,07a8840e-239a-4bab-a924-8d4a211c66f9,02/19/2025 13:49:46,,,,PARQ.Retail West Wing.B1.Gardener Room,105,,,07a8840e-239a-4bab-a924-8d4a211c66f9,11/26/2025 10:15:17,Gardener Room,14,,7,3
,,PARQ.PARQ.CPB2.West.JanitorRoom,07a8840e-239a-4bab-a924-8d4a211c66f9,02/19/2025 13:49:46,,,,PARQ.Retail West Wing.B1.Janitor Room,106,,,07a8840e-239a-4bab-a924-8d4a211c66f9,11/26/2025 10:15:17,Janitor Room,14,,7,3
,,PARQ.PARQ.CPB2.West.WomenToilet,07a8840e-239a-4bab-a924-8d4a211c66f9,02/19/2025 13:49:46,,,,PARQ.Retail West Wing.B1.Women Toilet,107,,,07a8840e-239a-4bab-a924-8d4a211c66f9,11/26/2025 10:15:17,Women Toilet,14,,7,3
,,PARQ.PARQ.CPB2.West.MenToilet,07a8840e-239a-4bab-a924-8d4a211c66f9,02/19/2025 13:49:46,,,,PARQ.Retail West Wing.B1.Men Toilet,108,,,07a8840e-239a-4bab-a924-8d4a211c66f9,11/26/2025 10:15:17,Men Toilet,14,,7,3
,,PARQ.PARQ.CPB1.MinorDriverRoom,07a8840e-239a-4bab-a924-8d4a211c66f9,02/19/2025 13:49:46,,,,PARQ.Retail West Wing.B2.Minor Driver Room,109,,,07a8840e-239a-4bab-a924-8d4a211c66f9,11/26/2025 10:15:17,Minor Driver Room,15,,7,3
,,PARQ.PARQ.CPB2.DriverRoom,07a8840e-239a-4bab-a924-8d4a211c66f9,02/19/2025 13:49:46,,,,PARQ.Retail West Wing.B2.Driver Room,110,,,07a8840e-239a-4bab-a924-8d4a211c66f9,11/26/2025 10:15:17,Driver Room,15,,7,3
,,PARQ.PARQ.CPB2.East.WomenToilet,07a8840e-239a-4bab-a924-8d4a211c66f9,02/19/2025 13:49:46,,,,PARQ.Retail West Wing.B2.Women Toilet,111,,,07a8840e-239a-4bab-a924-8d4a211c66f9,11/26/2025 10:15:17,Women Toilet,15,,7,3
,,PARQ.PARQ.CPB2.East.MenToilet,07a8840e-239a-4bab-a924-8d4a211c66f9,02/19/2025 13:49:46,,,,PARQ.Retail West Wing.B2.Men Toilet,112,,,07a8840e-239a-4bab-a924-8d4a211c66f9,11/26/2025 10:15:17,Men Toilet,15,,7,3
,,PARQ.PARQ.CPB2.East.BTS,07a8840e-239a-4bab-a924-8d4a211c66f9,02/19/2025 13:49:46,,,,PARQ.Retail West Wing.B2.Base Transceiver Station,113,,,07a8840e-239a-4bab-a924-8d4a211c66f9,11/26/2025 10:15:17,Base Transceiver Station,15,,7,3
,,PARQ.PARQ.RW1F.AHURoom,07a8840e-239a-4bab-a924-8d4a211c66f9,02/19/2025 13:49:46,,,,PARQ.Retail West Wing.1 Floor.AHU room,114,,,07a8840e-239a-4bab-a924-8d4a211c66f9,11/26/2025 10:15:17,AHU room,16,,7,3
,,PARQ.PARQ.RW1F.WomenToilet,07a8840e-239a-4bab-a924-8d4a211c66f9,02/19/2025 13:49:46,,,,PARQ.Retail West Wing.1 Floor.Women Toilet,115,,,07a8840e-239a-4bab-a924-8d4a211c66f9,11/26/2025 10:15:17,Women Toilet,16,,7,3
,,PARQ.PARQ.RW1F.MenToilet,07a8840e-239a-4bab-a924-8d4a211c66f9,02/19/2025 13:49:47,,,,PARQ.Retail West Wing.1 Floor.Men Toilet,116,,,07a8840e-239a-4bab-a924-8d4a211c66f9,11/26/2025 10:15:17,Men Toilet,16,,7,3
,,PARQ.PARQ.RW1F.RetailCounter,07a8840e-239a-4bab-a924-8d4a211c66f9,02/19/2025 13:49:47,,,,PARQ.Retail West Wing.1 Floor.Retail Counter,117,,,07a8840e-239a-4bab-a924-8d4a211c66f9,11/26/2025 10:15:17,Retail Counter,16,,7,3
,,PARQ.PARQ.RW1F.BabyChanging,07a8840e-239a-4bab-a924-8d4a211c66f9,02/19/2025 13:49:47,,,,PARQ.Retail West Wing.1 Floor.Baby Changing Room,118,,,07a8840e-239a-4bab-a924-8d4a211c66f9,11/26/2025 10:15:17,Baby Changing Room,16,,7,3
,,PARQ.PARQ.RW1F.AccessibleToilet,07a8840e-239a-4bab-a924-8d4a211c66f9,02/19/2025 13:49:47,,,,PARQ.Retail West Wing.1 Floor.Accessible Toilet Room,119,,,07a8840e-239a-4bab-a924-8d4a211c66f9,11/26/2025 10:15:17,Accessible Toilet Room,16,,7,3
,,PARQ.PARQ.RW1F.Janitor,07a8840e-239a-4bab-a924-8d4a211c66f9,02/19/2025 13:49:47,,,,PARQ.Retail West Wing.1 Floor.Janitor,120,,,07a8840e-239a-4bab-a924-8d4a211c66f9,11/26/2025 10:15:17,Janitor,16,,7,3
,,PARQ.PARQ.RW1F.Command,07a8840e-239a-4bab-a924-8d4a211c66f9,02/19/2025 13:49:47,,,,PARQ.Retail West Wing.1 Floor.Command Room,121,,,07a8840e-239a-4bab-a924-8d4a211c66f9,11/26/2025 10:15:17,Command Room,16,,7,3
,,PARQ.PARQ.RW1F.RMU,07a8840e-239a-4bab-a924-8d4a211c66f9,02/19/2025 13:49:47,,,,PARQ.Retail West Wing.1 Floor.RMU,122,,,07a8840e-239a-4bab-a924-8d4a211c66f9,11/26/2025 10:15:17,RMU,16,,7,3
,,PARQ.PARQ.RW1F.QSTEPS,07a8840e-239a-4bab-a924-8d4a211c66f9,02/19/2025 13:49:47,,,,PARQ.Retail West Wing.1 Floor.Q STEPS,123,,,07a8840e-239a-4bab-a924-8d4a211c66f9,11/26/2025 10:15:17,Q STEPS,16,,7,3
,,PARQ.PARQ.RW1F.Gate1,07a8840e-239a-4bab-a924-8d4a211c66f9,02/19/2025 13:49:47,,,,PARQ.Retail West Wing.1 Floor.Gate1(KFC),124,,,07a8840e-239a-4bab-a924-8d4a211c66f9,11/26/2025 10:15:17,Gate1(KFC),16,,7,3
,,PARQ.PARQ.RW1F.Gate2,07a8840e-239a-4bab-a924-8d4a211c66f9,02/19/2025 13:49:47,,,,PARQ.Retail West Wing.1 Floor.Gate2(FlowerShop),125,,,07a8840e-239a-4bab-a924-8d4a211c66f9,11/26/2025 10:15:17,Gate2(FlowerShop),16,,7,3
,,PARQ.PARQ.RW1F.Gate12,07a8840e-239a-4bab-a924-8d4a211c66f9,02/19/2025 13:49:47,,,,PARQ.Retail West Wing.1 Floor.Gate12(Starbucks),126,,,07a8840e-239a-4bab-a924-8d4a211c66f9,11/26/2025 10:15:17,Gate12(Starbucks),16,,7,3
,,PARQ.PARQ.RW1F.ATM5,07a8840e-239a-4bab-a924-8d4a211c66f9,02/19/2025 13:49:47,,,,PARQ.Retail West Wing.1 Floor.ATM5(VACANT),127,,,07a8840e-239a-4bab-a924-8d4a211c66f9,11/26/2025 10:15:17,ATM5(VACANT),16,,7,3
,,PARQ.PARQ.RW1F.ATM6,07a8840e-239a-4bab-a924-8d4a211c66f9,02/19/2025 13:49:47,,,,PARQ.Retail West Wing.1 Floor.ATM6(VACANT),128,,,07a8840e-239a-4bab-a924-8d4a211c66f9,11/26/2025 10:15:17,ATM6(VACANT),16,,7,3
,,PARQ.PARQ.REB1.OPB101,07a8840e-239a-4bab-a924-8d4a211c66f9,02/19/2025 13:49:47,,,,PARQ.Retail East Wing.B1.OPB101(Peta Pet Shop),129,,,07a8840e-239a-4bab-a924-8d4a211c66f9,11/26/2025 10:15:17,OPB101(Peta Pet Shop),19,,8,3
,,PARQ.PARQ.RE1F.AHURoom,07a8840e-239a-4bab-a924-8d4a211c66f9,02/19/2025 13:49:47,,,,PARQ.Retail East Wing.1 Floor.AHU room,130,,,07a8840e-239a-4bab-a924-8d4a211c66f9,11/26/2025 10:15:17,AHU room,21,,8,3
,,PARQ.PARQ.RE1F.WomenToilet,07a8840e-239a-4bab-a924-8d4a211c66f9,02/19/2025 13:49:47,,,,PARQ.Retail East Wing.1 Floor.Women Toilet,131,,,07a8840e-239a-4bab-a924-8d4a211c66f9,11/26/2025 10:15:17,Women Toilet,21,,8,3
,,PARQ.PARQ.RE1F.MenToilet,07a8840e-239a-4bab-a924-8d4a211c66f9,02/19/2025 13:49:47,,,,PARQ.Retail East Wing.1 Floor.Men Toilet,132,,,07a8840e-239a-4bab-a924-8d4a211c66f9,11/26/2025 10:15:17,Men Toilet,21,,8,3
,,"PARQ.PARQ.RE1F.AccessibleToiletRoom ",07a8840e-239a-4bab-a924-8d4a211c66f9,02/19/2025 13:49:47,,,,PARQ.Retail East Wing.1 Floor.Accessible Toilet Room,133,,,07a8840e-239a-4bab-a924-8d4a211c66f9,11/26/2025 10:15:17,Accessible Toilet Room,21,,8,3
,,PARQ.PARQ.RE1F.Janitor,07a8840e-239a-4bab-a924-8d4a211c66f9,02/19/2025 13:49:47,,,,PARQ.Retail East Wing.1 Floor.Janitor,134,,,07a8840e-239a-4bab-a924-8d4a211c66f9,11/26/2025 10:15:17,Janitor,21,,8,3
,,PARQ.PARQ.RW1F.Gate11,07a8840e-239a-4bab-a924-8d4a211c66f9,02/19/2025 13:49:47,,,,PARQ.Retail East Wing.1 Floor.Gate11 (Chongjaroen),135,,,07a8840e-239a-4bab-a924-8d4a211c66f9,11/26/2025 10:15:17,Gate11 (Chongjaroen),21,,8,3
,,PARQ.PARQ.RE1F.ATM1,07a8840e-239a-4bab-a924-8d4a211c66f9,02/19/2025 13:49:47,,,,PARQ.Retail East Wing.1 Floor.ATM1(SCB),136,,,07a8840e-239a-4bab-a924-8d4a211c66f9,11/26/2025 10:15:17,ATM1(SCB),21,,8,3
,,PARQ.PARQ.RE1F.ATM2,07a8840e-239a-4bab-a924-8d4a211c66f9,02/19/2025 13:49:47,,,,PARQ.Retail East Wing.1 Floor.ATM2(KBANK),137,,,07a8840e-239a-4bab-a924-8d4a211c66f9,11/26/2025 10:15:17,ATM2(KBANK),21,,8,3
,,PARQ.PARQ.RE1F.ATM3,07a8840e-239a-4bab-a924-8d4a211c66f9,02/19/2025 13:49:47,,,,PARQ.Retail East Wing.1 Floor.ATM3(BAY),138,,,07a8840e-239a-4bab-a924-8d4a211c66f9,11/26/2025 10:15:17,ATM3(BAY),21,,8,3
,,PARQ.PARQ.RE1F.ATM4,07a8840e-239a-4bab-a924-8d4a211c66f9,02/19/2025 13:49:47,,,,PARQ.Retail East Wing.1 Floor.ATM4(BBL),139,,,07a8840e-239a-4bab-a924-8d4a211c66f9,11/26/2025 10:15:17,ATM4(BBL),21,,8,3
,,PARQ.PARQ.RE1F.VDE01,07a8840e-239a-4bab-a924-8d4a211c66f9,02/19/2025 13:49:47,,,,PARQ.Retail East Wing.1 Floor.VDE01(Monster Mania),140,,,07a8840e-239a-4bab-a924-8d4a211c66f9,11/26/2025 10:15:17,VDE01(Monster Mania),21,,8,3
,,PARQ.PARQ.RW1F.VDW02,07a8840e-239a-4bab-a924-8d4a211c66f9,02/19/2025 13:49:47,,,,PARQ.Retail West Wing.1 Floor.VDW02(GRAB Locker),141,,,07a8840e-239a-4bab-a924-8d4a211c66f9,11/26/2025 10:15:17,VDW02(GRAB Locker),16,,7,3
,,"PARQ.PARQ.RW1F.101,BA101",07a8840e-239a-4bab-a924-8d4a211c66f9,02/19/2025 13:49:47,,,,"PARQ.Retail West Wing.1 Floor.101,BA101(Pollo Sake Bar)",142,,,07a8840e-239a-4bab-a924-8d4a211c66f9,11/26/2025 10:15:17,"101,BA101(Pollo Sake Bar)",16,,7,3
,,"PARQ.PARQ.RW1F.102/1,BA102/1",07a8840e-239a-4bab-a924-8d4a211c66f9,02/19/2025 13:49:47,,,,"PARQ.Retail West Wing.1 Floor.102/1,BA102/1(KFC)",143,,,07a8840e-239a-4bab-a924-8d4a211c66f9,11/26/2025 10:15:17,"102/1,BA102/1(KFC)",16,,7,3
,,"PARQ.PARQ.RW1F.102/2,BA102/2",07a8840e-239a-4bab-a924-8d4a211c66f9,02/19/2025 13:49:47,,,,"PARQ.Retail West Wing.1 Floor.102/2,BA102/2(KFC)",144,,,07a8840e-239a-4bab-a924-8d4a211c66f9,11/26/2025 10:15:17,"102/2,BA102/2(KFC)",16,,7,3
,,PARQ.PARQ.RW1F.103.BA103,07a8840e-239a-4bab-a924-8d4a211c66f9,02/19/2025 13:49:47,,,,"PARQ.Retail West Wing.1 Floor.103,BA103(CHAGEE)",145,,,07a8840e-239a-4bab-a924-8d4a211c66f9,12/16/2025 12:27:23,"103,BA103(CHAGEE)",16,,7,3
,,PARQ.PARQ.RE1F.104,07a8840e-239a-4bab-a924-8d4a211c66f9,02/19/2025 13:49:47,,,,PARQ.Retail East Wing.1 Floor.104(7-11),146,,,07a8840e-239a-4bab-a924-8d4a211c66f9,11/26/2025 10:15:17,104(7-11),21,,8,3
,,PARQ.PARQ.RE1F.105,07a8840e-239a-4bab-a924-8d4a211c66f9,02/19/2025 13:49:47,,,,PARQ.Retail East Wing.1 Floor.105(Baimiang),147,,,07a8840e-239a-4bab-a924-8d4a211c66f9,11/26/2025 10:15:17,105(Baimiang),21,,8,3
,,"PARQ.PARQ.RE1F.106,BA106",07a8840e-239a-4bab-a924-8d4a211c66f9,02/19/2025 13:49:47,,,,"PARQ.Retail East Wing.1 Floor.106,BA106(BAUEN)",148,,,07a8840e-239a-4bab-a924-8d4a211c66f9,11/26/2025 10:15:17,"106,BA106(BAUEN)",21,,8,3
,,"PARQ.PARQ.RE1F.107,BA107",07a8840e-239a-4bab-a924-8d4a211c66f9,02/19/2025 13:49:47,,,,"PARQ.Retail East Wing.1 Floor.107,BA107(BAUEN)",149,,,07a8840e-239a-4bab-a924-8d4a211c66f9,11/26/2025 10:15:17,"107,BA107(BAUEN)",21,,8,3
,,PARQ.PARQ.RE1F.108,07a8840e-239a-4bab-a924-8d4a211c66f9,02/19/2025 13:49:47,,,,PARQ.Retail East Wing.1 Floor.108(Found & Found),150,,,07a8840e-239a-4bab-a924-8d4a211c66f9,01/03/2026 13:17:20,108(Found & Found),21,,8,3
,,PARQ.PARQ.RE1F.109/1,07a8840e-239a-4bab-a924-8d4a211c66f9,02/19/2025 13:49:47,,,,PARQ.Retail East Wing.1 Floor.109/1(NAI-IN),151,,,07a8840e-239a-4bab-a924-8d4a211c66f9,11/26/2025 10:15:17,109/1(NAI-IN),21,,8,3
,,PARQ.PARQ.RE1F.109/2,07a8840e-239a-4bab-a924-8d4a211c66f9,02/19/2025 13:49:47,,,,PARQ.Retail East Wing.1 Floor.109/2(Mama Pasta),152,,,07a8840e-239a-4bab-a924-8d4a211c66f9,11/26/2025 10:15:17,109/2(Mama Pasta),21,,8,3
,,PARQ.PARQ.RE1F.110,07a8840e-239a-4bab-a924-8d4a211c66f9,02/19/2025 13:49:47,,,,"PARQ.Retail East Wing.1 Floor.110, BA110",153,,,07a8840e-239a-4bab-a924-8d4a211c66f9,11/26/2025 10:15:17,"110, BA110",21,,8,3
,,PARQ.PARQ.RE1F.111,07a8840e-239a-4bab-a924-8d4a211c66f9,02/19/2025 13:49:47,,,,"PARQ.Retail East Wing.1 Floor.111, BA111",154,,,07a8840e-239a-4bab-a924-8d4a211c66f9,11/26/2025 10:15:17,"111, BA111",21,,8,3
,,PARQ.PARQ.RE1F.MA101,07a8840e-239a-4bab-a924-8d4a211c66f9,02/19/2025 13:49:47,,,,PARQ.Retail East Wing.1 Floor.MA101,155,,,07a8840e-239a-4bab-a924-8d4a211c66f9,11/26/2025 10:15:17,MA101,21,,8,3
,,PARQ.PARQ.RW1F.112,07a8840e-239a-4bab-a924-8d4a211c66f9,02/19/2025 13:49:47,,,,PARQ.Retail West Wing.1 Floor.112(Tim Hortons),156,,,07a8840e-239a-4bab-a924-8d4a211c66f9,11/26/2025 10:15:17,112(Tim Hortons),16,,7,3
,,PARQ.PARQ.RW1F.113/1,07a8840e-239a-4bab-a924-8d4a211c66f9,02/19/2025 13:49:47,,,,PARQ.Retail West Wing.1 Floor.113/1(Tim Hortons),157,,,07a8840e-239a-4bab-a924-8d4a211c66f9,11/26/2025 10:15:17,113/1(Tim Hortons),16,,7,3
,,PARQ.PARQ.RW1F.113/2,07a8840e-239a-4bab-a924-8d4a211c66f9,02/19/2025 13:49:47,,,,PARQ.Retail West Wing.1 Floor.113/2(Extension),158,,,07a8840e-239a-4bab-a924-8d4a211c66f9,11/26/2025 10:15:17,113/2(Extension),16,,7,3
,,"PARQ.PARQ.RW1F.114,BA114",07a8840e-239a-4bab-a924-8d4a211c66f9,02/19/2025 13:49:47,,,,"PARQ.Retail West Wing.1 Floor.114, BA114(Kope Hya Tai Kee)",159,,,07a8840e-239a-4bab-a924-8d4a211c66f9,11/26/2025 10:15:17,"114, BA114(Kope Hya Tai Kee)",16,,7,3
,,"PARQ.PARQ.RW1F.115,BA115",07a8840e-239a-4bab-a924-8d4a211c66f9,02/19/2025 13:49:47,,,,"PARQ.Retail West Wing.1 Floor.115,BA115(Vacant)",160,,,07a8840e-239a-4bab-a924-8d4a211c66f9,11/26/2025 10:15:17,"115,BA115(Vacant)",16,,7,3
,,PARQ.PARQ.RW1F.116,07a8840e-239a-4bab-a924-8d4a211c66f9,02/19/2025 13:49:47,,,,PARQ.Retail West Wing.1 Floor.116(ONE TO TWO),161,,,07a8840e-239a-4bab-a924-8d4a211c66f9,12/06/2025 16:27:07,116(ONE TO TWO),16,,7,3
,,PARQ.PARQ.RW1F.117,07a8840e-239a-4bab-a924-8d4a211c66f9,02/19/2025 13:49:47,,,,PARQ.Retail West Wing.1 Floor.117(BOOST),162,,,07a8840e-239a-4bab-a924-8d4a211c66f9,11/26/2025 10:15:17,117(BOOST),16,,7,3
,,PARQ.PARQ.RW1F.118,07a8840e-239a-4bab-a924-8d4a211c66f9,02/19/2025 13:49:47,,,,PARQ.Retail West Wing.1 Floor.118(Infinite Eyewear),163,,,07a8840e-239a-4bab-a924-8d4a211c66f9,11/26/2025 10:15:17,118(Infinite Eyewear),16,,7,3
,,PARQ.PARQ.RW1F.119,07a8840e-239a-4bab-a924-8d4a211c66f9,02/19/2025 13:49:47,,,,PARQ.Retail West Wing.1 Floor.119(CHEAT DAY),164,,,07a8840e-239a-4bab-a924-8d4a211c66f9,11/26/2025 10:15:17,119(CHEAT DAY),16,,7,3
,,"PARQ.PARQ.RW1F.120,BA120",07a8840e-239a-4bab-a924-8d4a211c66f9,02/19/2025 13:49:47,,,,"PARQ.Retail West Wing.1 Floor.120,BA120(Starbucks)",165,,,07a8840e-239a-4bab-a924-8d4a211c66f9,11/26/2025 10:15:17,"120,BA120(Starbucks)",16,,7,3
,,"PARQ.PARQ.RW1F-121,BA121",07a8840e-239a-4bab-a924-8d4a211c66f9,02/19/2025 13:49:47,,,,"PARQ.Retail West Wing.1 Floor.121,BA121(Starbucks)",166,,,07a8840e-239a-4bab-a924-8d4a211c66f9,11/26/2025 10:15:17,"121,BA121(Starbucks)",16,,7,3
,,"PARQ.PARQ.RE1F-122,BA122",07a8840e-239a-4bab-a924-8d4a211c66f9,02/19/2025 13:49:47,,,,"PARQ.Retail East Wing.1 Floor.122,BA122(Vacant)",167,,,07a8840e-239a-4bab-a924-8d4a211c66f9,11/26/2025 10:15:17,"122,BA122(Vacant)",21,,8,3
,,"PARQ.PARQ.RE1F-123,BA123",07a8840e-239a-4bab-a924-8d4a211c66f9,02/19/2025 13:49:47,,,,"PARQ.Retail East Wing.1 Floor.123,BA123(Coffee Club)",168,,,07a8840e-239a-4bab-a924-8d4a211c66f9,11/26/2025 10:15:17,"123,BA123(Coffee Club)",21,,8,3
,,PARQ.PARQ.RE1F-124,07a8840e-239a-4bab-a924-8d4a211c66f9,02/19/2025 13:49:47,,,,PARQ.Retail East Wing.1 Floor.124(Rice&Noodle),169,,,07a8840e-239a-4bab-a924-8d4a211c66f9,11/26/2025 10:15:17,124(Rice&Noodle),21,,8,3
,,PARQ.PARQ.RE1F-125,07a8840e-239a-4bab-a924-8d4a211c66f9,02/19/2025 13:49:47,,,,PARQ.Retail East Wing.1 Floor.125(HOUYUU),170,,,07a8840e-239a-4bab-a924-8d4a211c66f9,11/26/2025 10:15:17,125(HOUYUU),21,,8,3
,,PARQ.PARQ.RE1F-126,07a8840e-239a-4bab-a924-8d4a211c66f9,02/19/2025 13:49:47,,,,PARQ.Retail East Wing.1 Floor.126(Chongjaroen),171,,,07a8840e-239a-4bab-a924-8d4a211c66f9,11/26/2025 10:15:17,126(Chongjaroen),21,,8,3
,,"PARQ.PARQ.RE1F-127,BA127",07a8840e-239a-4bab-a924-8d4a211c66f9,02/19/2025 13:49:47,,,,"PARQ.Retail East Wing.1 Floor.127, BA127(Chongjaroen)",172,,,07a8840e-239a-4bab-a924-8d4a211c66f9,11/26/2025 10:15:17,"127, BA127(Chongjaroen)",21,,8,3
,,PARQ.PARQ.RW1F-128,07a8840e-239a-4bab-a924-8d4a211c66f9,02/19/2025 13:49:47,,,,PARQ.Retail West Wing.1 Floor.128(mini),173,,,07a8840e-239a-4bab-a924-8d4a211c66f9,11/26/2025 10:15:17,128(mini),16,,7,3
,,PARQ.PARQ.RE1F-129,07a8840e-239a-4bab-a924-8d4a211c66f9,02/19/2025 13:49:47,,,,PARQ.Retail East Wing.1 Floor.129(THESIS),174,,,07a8840e-239a-4bab-a924-8d4a211c66f9,11/26/2025 10:15:17,129(THESIS),21,,8,3
,,PARQ.PARQ.RW1F-OP101,07a8840e-239a-4bab-a924-8d4a211c66f9,02/19/2025 13:49:47,,,,PARQ.Retail West Wing.1 Floor.OP101(TheChocolateFactory),175,,,07a8840e-239a-4bab-a924-8d4a211c66f9,11/26/2025 10:15:17,OP101(TheChocolateFactory),16,,7,3
,,PARQ.PARQ.RW1F-OP103,07a8840e-239a-4bab-a924-8d4a211c66f9,02/19/2025 13:49:47,,,,PARQ.Retail West Wing.1 Floor.OP103(ANRI),176,,,07a8840e-239a-4bab-a924-8d4a211c66f9,11/26/2025 10:15:17,OP103(ANRI),16,,7,3
,,PARQ.PARQ.RE1F-OP104,07a8840e-239a-4bab-a924-8d4a211c66f9,02/19/2025 13:49:47,,,,PARQ.Retail East Wing.1 Floor.OP104(MX),177,,,07a8840e-239a-4bab-a924-8d4a211c66f9,11/26/2025 10:15:17,OP104(MX),21,,8,3
,,PARQ.PARQ.RE1F-OP105,07a8840e-239a-4bab-a924-8d4a211c66f9,02/19/2025 13:49:47,,,,PARQ.Retail East Wing.1 Floor.OP105(Cha Tra Mue),178,,,07a8840e-239a-4bab-a924-8d4a211c66f9,11/26/2025 10:15:17,OP105(Cha Tra Mue),21,,8,3
,,PARQ.PARQ.RE1F-OP106,07a8840e-239a-4bab-a924-8d4a211c66f9,02/19/2025 13:49:47,,,,PARQ.Retail East Wing.1 Floor.OP106(AMAZON),179,,,07a8840e-239a-4bab-a924-8d4a211c66f9,11/26/2025 10:15:17,OP106(AMAZON),21,,8,3
,,PARQ.PARQ.RE1F-OP107,07a8840e-239a-4bab-a924-8d4a211c66f9,02/19/2025 13:49:47,,,,PARQ.Retail East Wing.1 Floor.OP107(GAGA),180,,,07a8840e-239a-4bab-a924-8d4a211c66f9,11/26/2025 10:15:17,OP107(GAGA),21,,8,3
,,PARQ.PARQ.RW1F-OP111,07a8840e-239a-4bab-a924-8d4a211c66f9,02/19/2025 13:49:47,,,,PARQ.Retail West Wing.1 Floor.OP111(KAMU KAMU),181,,,07a8840e-239a-4bab-a924-8d4a211c66f9,11/26/2025 10:15:17,OP111(KAMU KAMU),16,,7,3
,,PARQ.PARQ.RW1F-OP112,07a8840e-239a-4bab-a924-8d4a211c66f9,02/19/2025 13:49:47,,,,PARQ.Retail West Wing.1 Floor.OP112(SHARI SHARI),182,,,07a8840e-239a-4bab-a924-8d4a211c66f9,11/26/2025 10:15:17,OP112(SHARI SHARI),16,,7,3
,,PARQ.PARQ.RW1F-OP113,07a8840e-239a-4bab-a924-8d4a211c66f9,02/19/2025 13:49:47,,,,PARQ.Retail West Wing.1 Floor.OP113(WEX Laundry),183,,,07a8840e-239a-4bab-a924-8d4a211c66f9,11/26/2025 10:15:17,OP113(WEX Laundry),16,,7,3
,,PARQ.PARQ.RW1F-OP114,07a8840e-239a-4bab-a924-8d4a211c66f9,02/19/2025 13:49:47,,,,PARQ.Retail West Wing.1 Floor.OP114(BEAR Gadget),184,,,07a8840e-239a-4bab-a924-8d4a211c66f9,11/26/2025 10:15:17,OP114(BEAR Gadget),16,,7,3
,,PARQ.PARQ.RW1F-OP115,07a8840e-239a-4bab-a924-8d4a211c66f9,02/19/2025 13:49:48,,,,PARQ.Retail West Wing.1 Floor.OP115(BEAR Gadget),185,,,07a8840e-239a-4bab-a924-8d4a211c66f9,11/26/2025 10:15:17,OP115(BEAR Gadget),16,,7,3
,,PARQ.PARQ.RW1F-OP116,07a8840e-239a-4bab-a924-8d4a211c66f9,02/19/2025 13:49:48,,,,PARQ.Retail West Wing.1 Floor.OP116(Kerry Express),186,,,07a8840e-239a-4bab-a924-8d4a211c66f9,11/26/2025 10:15:17,OP116(Kerry Express),16,,7,3
,,PARQ.PARQ.RW1F-OP117,07a8840e-239a-4bab-a924-8d4a211c66f9,02/19/2025 13:49:48,,,,PARQ.Retail West Wing.1 Floor.OP117(Proud),187,,,07a8840e-239a-4bab-a924-8d4a211c66f9,11/26/2025 10:15:17,OP117(Proud),16,,7,3
,,PARQ.PARQ.RW1F-OP117/1,07a8840e-239a-4bab-a924-8d4a211c66f9,02/19/2025 13:49:48,,,,PARQ.Retail West Wing.1 Floor.OP117/1(Proud),188,,,07a8840e-239a-4bab-a924-8d4a211c66f9,11/26/2025 10:15:17,OP117/1(Proud),16,,7,3
,,PARQ.PARQ.RE1F-OP118,07a8840e-239a-4bab-a924-8d4a211c66f9,02/19/2025 13:49:48,,,,PARQ.Retail East Wing.1 Floor.OP118(NAEKI),189,,,07a8840e-239a-4bab-a924-8d4a211c66f9,11/26/2025 10:15:17,OP118(NAEKI),21,,8,3
,,PARQ.PARQ.RE1F-OP118/1,07a8840e-239a-4bab-a924-8d4a211c66f9,02/19/2025 13:49:48,,,,PARQ.Retail East Wing.1 Floor.OP118/2(LengHongSalapao),190,,,07a8840e-239a-4bab-a924-8d4a211c66f9,11/26/2025 10:15:17,OP118/2(LengHongSalapao),21,,8,3
,,PARQ.PARQ.RW2F.201,07a8840e-239a-4bab-a924-8d4a211c66f9,02/19/2025 13:49:48,,,,PARQ.Retail West Wing.2 Floor.201(Stonegoat Climbing Gym),191,,,07a8840e-239a-4bab-a924-8d4a211c66f9,11/26/2025 10:15:17,201(Stonegoat Climbing Gym),17,,7,3
,,PARQ.PARQ.RW2F.205,07a8840e-239a-4bab-a924-8d4a211c66f9,02/19/2025 13:49:48,,,,PARQ.Retail West Wing.2 Floor.205(UOB),192,,,07a8840e-239a-4bab-a924-8d4a211c66f9,11/26/2025 10:15:17,205(UOB),17,,7,3
,,PARQ.PARQ.RE2F.206,07a8840e-239a-4bab-a924-8d4a211c66f9,02/19/2025 13:49:48,,,,PARQ.Retail East Wing.2 Floor.206(Le Glow),193,,,07a8840e-239a-4bab-a924-8d4a211c66f9,11/26/2025 10:15:17,206(Le Glow),22,,8,3
,,PARQ.PARQ.RE2F.207/1,07a8840e-239a-4bab-a924-8d4a211c66f9,02/19/2025 13:49:48,,,,PARQ.Retail East Wing.2 Floor.207/1(BUYA),194,,,07a8840e-239a-4bab-a924-8d4a211c66f9,11/26/2025 10:15:17,207/1(BUYA),22,,8,3
,,PARQ.PARQ.RE2F.207/2,07a8840e-239a-4bab-a924-8d4a211c66f9,02/19/2025 13:49:48,,,,PARQ.Retail East Wing.2 Floor.207/2(BMOC),195,,,07a8840e-239a-4bab-a924-8d4a211c66f9,11/26/2025 10:15:17,207/2(BMOC),22,,8,3
,,PARQ.PARQ.RE2F.207/3,07a8840e-239a-4bab-a924-8d4a211c66f9,02/19/2025 13:49:48,,,,PARQ.Retail East Wing.2 Floor.207/3(BMOC),196,,,07a8840e-239a-4bab-a924-8d4a211c66f9,11/26/2025 10:15:17,207/3(BMOC),22,,8,3
,,PARQ.PARQ.RE2F.208,07a8840e-239a-4bab-a924-8d4a211c66f9,02/19/2025 13:49:48,,,,PARQ.Retail East Wing.2 Floor.208(Food Street),197,,,07a8840e-239a-4bab-a924-8d4a211c66f9,11/26/2025 10:15:17,208(Food Street),22,,8,3
,,PARQ.PARQ.RE2F.209,07a8840e-239a-4bab-a924-8d4a211c66f9,02/19/2025 13:49:48,,,,PARQ.Retail East Wing.2 Floor.209(Malatang),198,,,07a8840e-239a-4bab-a924-8d4a211c66f9,11/26/2025 10:15:17,209(Malatang),22,,8,3
,,PARQ.PARQ.RE2F.210/1,07a8840e-239a-4bab-a924-8d4a211c66f9,02/19/2025 13:49:48,,,,PARQ.Retail East Wing.2 Floor.210/1(Sanyod Wox),199,,,07a8840e-239a-4bab-a924-8d4a211c66f9,11/26/2025 10:15:17,210/1(Sanyod Wox),22,,8,3
,,"PARQ.PARQ.RE2F.210/2, BA210",07a8840e-239a-4bab-a924-8d4a211c66f9,02/19/2025 13:49:48,,,,"PARQ.Retail East Wing.2 Floor.210/2, BA210(Onyasai)",200,,,07a8840e-239a-4bab-a924-8d4a211c66f9,11/26/2025 10:15:17,"210/2, BA210(Onyasai)",22,,8,3
,,"PARQ.PARQ.RE2F.211,BA211",07a8840e-239a-4bab-a924-8d4a211c66f9,02/19/2025 13:49:48,,,,"PARQ.Retail East Wing.2 Floor.211, BA211(Gyukaku)",201,,,07a8840e-239a-4bab-a924-8d4a211c66f9,11/26/2025 10:15:17,"211, BA211(Gyukaku)",22,,8,3
,,"PARQ.PARQ.RE2F.212,BA212",07a8840e-239a-4bab-a924-8d4a211c66f9,02/19/2025 13:49:48,,,,"PARQ.Retail East Wing.2 Floor.212, BA212(Hongdae)",202,,,07a8840e-239a-4bab-a924-8d4a211c66f9,11/26/2025 10:15:17,"212, BA212(Hongdae)",22,,8,3
,,"PARQ.PARQ.RW2F.213,BA213",07a8840e-239a-4bab-a924-8d4a211c66f9,02/19/2025 13:49:48,,,,"PARQ.Retail East Wing.1 Floor.213, BA213(SUKIYA)",203,,,07a8840e-239a-4bab-a924-8d4a211c66f9,11/26/2025 10:15:17,"213, BA213(SUKIYA)",21,,8,3
,,PARQ.PARQ.RW2F.214,07a8840e-239a-4bab-a924-8d4a211c66f9,02/19/2025 13:49:48,,,,PARQ.Retail West Wing.2 Floor.214(SAKAE),204,,,07a8840e-239a-4bab-a924-8d4a211c66f9,11/26/2025 10:15:17,214(SAKAE),17,,7,3
,,PARQ.PARQ.RE2F.215,07a8840e-239a-4bab-a924-8d4a211c66f9,02/19/2025 13:49:48,,,,PARQ.Retail East Wing.1 Floor.215(FREHAB),205,,,07a8840e-239a-4bab-a924-8d4a211c66f9,11/26/2025 10:15:17,215(FREHAB),21,,8,3
,,PARQ.PARQ.RW2F.216,07a8840e-239a-4bab-a924-8d4a211c66f9,02/19/2025 13:49:48,,,,PARQ.Retail West Wing.2 Floor.216(Vacant),206,,,07a8840e-239a-4bab-a924-8d4a211c66f9,11/26/2025 10:15:17,216(Vacant),17,,7,3
,,PARQ.PARQ.RW2F.217,07a8840e-239a-4bab-a924-8d4a211c66f9,02/19/2025 13:49:48,,,,PARQ.Retail West Wing.2 Floor.217(Vacant),207,,,07a8840e-239a-4bab-a924-8d4a211c66f9,11/26/2025 10:15:17,217(Vacant),17,,7,3
,,PARQ.PARQ.RW2F.218,07a8840e-239a-4bab-a924-8d4a211c66f9,02/19/2025 13:49:48,,,,PARQ.Retail West Wing.2 Floor.218(Vacant),208,,,07a8840e-239a-4bab-a924-8d4a211c66f9,11/26/2025 10:15:17,218(Vacant),17,,7,3
,,PARQ.PARQ.RW2F.219,07a8840e-239a-4bab-a924-8d4a211c66f9,02/19/2025 13:49:48,,,,PARQ.Retail West Wing.2 Floor.219(Vacant),209,,,07a8840e-239a-4bab-a924-8d4a211c66f9,11/26/2025 10:15:17,219(Vacant),17,,7,3
,,PARQ.PARQ.RW2F.220,07a8840e-239a-4bab-a924-8d4a211c66f9,02/19/2025 13:49:48,,,,PARQ.Retail West Wing.2 Floor.220(Vacant),210,,,07a8840e-239a-4bab-a924-8d4a211c66f9,11/26/2025 10:15:17,220(Vacant),17,,7,3
,,PARQ.PARQ.RW2F.221,07a8840e-239a-4bab-a924-8d4a211c66f9,02/19/2025 13:49:48,,,,PARQ.Retail West Wing.2 Floor.221(Vacant),211,,,07a8840e-239a-4bab-a924-8d4a211c66f9,11/26/2025 10:15:17,221(Vacant),17,,7,3
,,PARQ.PARQ.RW2F.222,07a8840e-239a-4bab-a924-8d4a211c66f9,02/19/2025 13:49:48,,,,PARQ.Retail West Wing.2 Floor.222(Vacant),212,,,07a8840e-239a-4bab-a924-8d4a211c66f9,11/26/2025 10:15:17,222(Vacant),17,,7,3
,,PARQ.PARQ.RW2F.OP203,07a8840e-239a-4bab-a924-8d4a211c66f9,02/19/2025 13:49:48,,,,PARQ.Retail West Wing.2 Floor.OP203(JIAN CHA TEA),213,,,07a8840e-239a-4bab-a924-8d4a211c66f9,11/26/2025 10:15:17,OP203(JIAN CHA TEA),17,,7,3
,,PARQ.PARQ.RE2F.OP204_1,07a8840e-239a-4bab-a924-8d4a211c66f9,02/19/2025 13:49:48,,,,PARQ.Retail East Wing.2 Floor.OP204_1 (Susan Croissant),214,,,07a8840e-239a-4bab-a924-8d4a211c66f9,11/26/2025 10:15:17,OP204_1 (Susan Croissant),22,,8,3
,,PARQ.PARQ.RE2F.OP204_2,07a8840e-239a-4bab-a924-8d4a211c66f9,02/19/2025 13:49:48,,,,PARQ.Retail East Wing.2 Floor.OP204_2(Dilly Duck),215,,,07a8840e-239a-4bab-a924-8d4a211c66f9,11/26/2025 10:15:17,OP204_2(Dilly Duck),22,,8,3
,,PARQ.PARQ.RE2F.OP205,07a8840e-239a-4bab-a924-8d4a211c66f9,02/19/2025 13:49:48,,,,PARQ.Retail East Wing.2 Floor.OP205(Yogurt Culture),216,,,07a8840e-239a-4bab-a924-8d4a211c66f9,11/26/2025 10:15:17,OP205(Yogurt Culture),22,,8,3
,,PARQ.PARQ.RE2F.OP206,07a8840e-239a-4bab-a924-8d4a211c66f9,02/19/2025 13:49:48,,,,PARQ.Retail East Wing.2 Floor.OP206(Dairy Queen),217,,,07a8840e-239a-4bab-a924-8d4a211c66f9,11/26/2025 10:15:17,OP206(Dairy Queen),22,,8,3
,,PARQ.PARQ.RE.F2.OP207,07a8840e-239a-4bab-a924-8d4a211c66f9,02/19/2025 13:49:48,,,,PARQ.Retail East Wing.2 Floor.OP207(Vacant),218,,,07a8840e-239a-4bab-a924-8d4a211c66f9,11/26/2025 10:15:17,OP207(Vacant),22,,8,3
,,PARQ.PARQ.RW2F.OP210,07a8840e-239a-4bab-a924-8d4a211c66f9,02/19/2025 13:49:48,,,,PARQ.Retail West Wing.2 Floor.OP210(Brave Roasters),219,,,07a8840e-239a-4bab-a924-8d4a211c66f9,11/26/2025 10:15:17,OP210(Brave Roasters),17,,7,3
,,PARQ.PARQ.RW2F-OP211,07a8840e-239a-4bab-a924-8d4a211c66f9,02/19/2025 13:49:48,,,,PARQ.Retail West Wing.2 Floor.OP211(Vacant),220,,,07a8840e-239a-4bab-a924-8d4a211c66f9,11/26/2025 10:15:17,OP211(Vacant),17,,7,3
,,PARQ.PARQ.RW2F.AHURoom,07a8840e-239a-4bab-a924-8d4a211c66f9,02/19/2025 13:49:48,,,,PARQ.Retail West Wing.2 Floor.AHU ROOM,222,,,07a8840e-239a-4bab-a924-8d4a211c66f9,11/26/2025 10:15:17,AHU ROOM,17,,7,3
,,PARQ.PARQ.RW2F.JanitorRoom,07a8840e-239a-4bab-a924-8d4a211c66f9,02/19/2025 13:49:48,,,,PARQ.Retail West Wing.2 Floor.Janitor Room,223,,,07a8840e-239a-4bab-a924-8d4a211c66f9,11/26/2025 10:15:17,Janitor Room,17,,7,3
,,PARQ.PARQ.RW2F.BabyChangingRoom,07a8840e-239a-4bab-a924-8d4a211c66f9,02/19/2025 13:49:48,,,,PARQ.Retail West Wing.2 Floor.Baby Changing Room,224,,,07a8840e-239a-4bab-a924-8d4a211c66f9,11/26/2025 10:15:17,Baby Changing Room,17,,7,3
,,PARQ.PARQ.RW2F.WomenToilet,07a8840e-239a-4bab-a924-8d4a211c66f9,02/19/2025 13:49:48,,,,PARQ.Retail West Wing.2 Floor.Women Toilet,225,,,07a8840e-239a-4bab-a924-8d4a211c66f9,11/26/2025 10:15:17,Women Toilet,17,,7,3
,,PARQ.PARQ.RW2F.MenToilet,07a8840e-239a-4bab-a924-8d4a211c66f9,02/19/2025 13:49:48,,,,PARQ.Retail West Wing.2 Floor.Men Toilet,226,,,07a8840e-239a-4bab-a924-8d4a211c66f9,11/26/2025 10:15:17,Men Toilet,17,,7,3
,,PARQ.PARQ.RE2F.EERoom,07a8840e-239a-4bab-a924-8d4a211c66f9,02/19/2025 13:49:48,,,,PARQ.Retail East Wing.2 Floor.EE Room,227,,,07a8840e-239a-4bab-a924-8d4a211c66f9,11/26/2025 10:15:17,EE Room,22,,8,3
,,PARQ.PARQ.RE2F.AHURoom,07a8840e-239a-4bab-a924-8d4a211c66f9,02/19/2025 13:49:48,,,,PARQ.Retail East Wing.2 Floor.AHU ROOM,228,,,07a8840e-239a-4bab-a924-8d4a211c66f9,11/26/2025 10:15:17,AHU ROOM,22,,8,3
,,PARQ.PARQ.RE2F.JanitorRoom,07a8840e-239a-4bab-a924-8d4a211c66f9,02/19/2025 13:49:48,,,,PARQ.Retail East Wing.2 Floor.Janitor Room,229,,,07a8840e-239a-4bab-a924-8d4a211c66f9,11/26/2025 10:15:17,Janitor Room,22,,8,3
,,PARQ.PARQ.RE2F.WomenToilet,07a8840e-239a-4bab-a924-8d4a211c66f9,02/19/2025 13:49:48,,,,PARQ.Retail East Wing.2 Floor.Women Toilet,230,,,07a8840e-239a-4bab-a924-8d4a211c66f9,11/26/2025 10:15:17,Women Toilet,22,,8,3
,,PARQ.PARQ.RE2F.MenToilet,07a8840e-239a-4bab-a924-8d4a211c66f9,02/19/2025 13:49:48,,,,PARQ.Retail East Wing.2 Floor.Men Toilet,231,,,07a8840e-239a-4bab-a924-8d4a211c66f9,11/26/2025 10:15:17,Men Toilet,22,,8,3
,,PARQ.PARQ.RW3F.Control Room,07a8840e-239a-4bab-a924-8d4a211c66f9,02/19/2025 13:49:48,,,,PARQ.Retail West Wing.3 Floor.Control Room,232,,,07a8840e-239a-4bab-a924-8d4a211c66f9,11/26/2025 10:15:17,Control Room,18,,7,3
,,PARQ.PARQ.RW3F.TransformerRoom,07a8840e-239a-4bab-a924-8d4a211c66f9,02/19/2025 13:49:48,,,,PARQ.Retail West Wing.3 Floor.Transformer Room,233,,,07a8840e-239a-4bab-a924-8d4a211c66f9,11/26/2025 10:15:17,Transformer Room,18,,7,3
,,PARQ.PARQ.RW3F.GeneratorRoom,07a8840e-239a-4bab-a924-8d4a211c66f9,02/19/2025 13:49:48,,,,PARQ.Retail West Wing.3 Floor.Generator Room,234,,,07a8840e-239a-4bab-a924-8d4a211c66f9,11/26/2025 10:15:17,Generator Room,18,,7,3
,,PARQ.PARQ.RW3F.KEFRoom,07a8840e-239a-4bab-a924-8d4a211c66f9,02/19/2025 13:49:48,,,,PARQ.Retail West Wing.3 Floor.KEF Room,235,,,07a8840e-239a-4bab-a924-8d4a211c66f9,11/26/2025 10:15:17,KEF Room,18,,7,3
,,PARQ.PARQ.RW3F.EERoom1,07a8840e-239a-4bab-a924-8d4a211c66f9,02/19/2025 13:49:48,,,,PARQ.Retail West Wing.3 Floor.EE Room 1,236,,,07a8840e-239a-4bab-a924-8d4a211c66f9,11/26/2025 10:15:17,EE Room 1,18,,7,3
,,PARQ.PARQ.RW3F.EERoom2,07a8840e-239a-4bab-a924-8d4a211c66f9,02/19/2025 13:49:48,,,,PARQ.Retail West Wing.3 Floor.EE Room 2(near FL),237,,,07a8840e-239a-4bab-a924-8d4a211c66f9,11/26/2025 10:15:17,EE Room 2(near FL),18,,7,3
,,PARQ.PARQ.RW3F.ChillerPlant,07a8840e-239a-4bab-a924-8d4a211c66f9,02/19/2025 13:49:48,,,,PARQ.Retail East Wing.3 Floor.Chiller Plant,238,,,07a8840e-239a-4bab-a924-8d4a211c66f9,11/26/2025 10:15:17,Chiller Plant,23,,8,3
,,PARQ.PARQ.RW3F.PAU1,07a8840e-239a-4bab-a924-8d4a211c66f9,02/19/2025 13:49:48,,,,PARQ.Retail West Wing.3 Floor.PAU 1,239,,,07a8840e-239a-4bab-a924-8d4a211c66f9,11/26/2025 10:15:17,PAU 1,18,,7,3
,,PARQ.PARQ.RW3F.PAU2,07a8840e-239a-4bab-a924-8d4a211c66f9,02/19/2025 13:49:48,,,,PARQ.Retail West Wing.3 Floor.PAU 2(near FL),240,,,07a8840e-239a-4bab-a924-8d4a211c66f9,11/26/2025 10:15:17,PAU 2(near FL),18,,7,3
,,PARQ.PARQ.RW3F.BuildingRoom,07a8840e-239a-4bab-a924-8d4a211c66f9,02/19/2025 13:49:48,,,,PARQ.Retail West Wing.3 Floor.Building Management Room,241,,,07a8840e-239a-4bab-a924-8d4a211c66f9,11/26/2025 10:15:17,Building Management Room,18,,7,3
,,PARQ.PARQ.RE3F.PAU1,07a8840e-239a-4bab-a924-8d4a211c66f9,02/19/2025 13:49:48,,,,PARQ.Retail East Wing.3 Floor.PAU1,242,,,07a8840e-239a-4bab-a924-8d4a211c66f9,11/26/2025 10:15:17,PAU1,23,,8,3
,,PARQ.PARQ.RE3F.PAU2,07a8840e-239a-4bab-a924-8d4a211c66f9,02/19/2025 13:49:48,,,,PARQ.Retail East Wing.3 Floor.PAU2,243,,,07a8840e-239a-4bab-a924-8d4a211c66f9,11/26/2025 10:15:17,PAU2,23,,8,3
,,"PARQ.PARQ.RE3F.301, 401",07a8840e-239a-4bab-a924-8d4a211c66f9,02/19/2025 13:49:48,,,,"PARQ.Retail East Wing.3 Floor.301,401(JETTS)",244,,,07a8840e-239a-4bab-a924-8d4a211c66f9,11/26/2025 10:15:17,"301,401(JETTS)",23,,8,3
,,PARQ.PARQ.RE3F.302,07a8840e-239a-4bab-a924-8d4a211c66f9,02/19/2025 13:49:48,,,,PARQ.Retail East Wing.3 Floor.302(AMARA),245,,,07a8840e-239a-4bab-a924-8d4a211c66f9,11/26/2025 10:15:17,302(AMARA),23,,8,3
,,PARQ.PARQ.RE3F.303,07a8840e-239a-4bab-a924-8d4a211c66f9,02/19/2025 13:49:48,,,,PARQ.Retail East Wing.3 Floor.303(Vacant),246,,,07a8840e-239a-4bab-a924-8d4a211c66f9,11/26/2025 10:15:17,303(Vacant),23,,8,3
,,PARQ.PARQ.RE3F.304,07a8840e-239a-4bab-a924-8d4a211c66f9,02/19/2025 13:49:48,,,,PARQ.Retail East Wing.3 Floor.304(Vacant),247,,,07a8840e-239a-4bab-a924-8d4a211c66f9,11/26/2025 10:15:17,304(Vacant),23,,8,3
,,PARQ.PARQ.RE3F.305,07a8840e-239a-4bab-a924-8d4a211c66f9,02/19/2025 13:49:48,,,,PARQ.Retail East Wing.3 Floor.305(BAB Café),248,,,07a8840e-239a-4bab-a924-8d4a211c66f9,11/26/2025 10:15:17,305(BAB Café),23,,8,3
,,PARQ.PARQ.RE3F.QGarden,07a8840e-239a-4bab-a924-8d4a211c66f9,02/19/2025 13:49:48,,,,PARQ.Retail East Wing.3 Floor.Q Garden,249,,,07a8840e-239a-4bab-a924-8d4a211c66f9,11/26/2025 10:15:17,Q Garden,23,,8,3
,,PARQ.PARQ.RE3F-.QGarden-PetPARQ,07a8840e-239a-4bab-a924-8d4a211c66f9,02/19/2025 13:49:48,,,,PARQ.Retail East Wing.3 Floor.Q Garden-PetPARQ,250,,,07a8840e-239a-4bab-a924-8d4a211c66f9,11/26/2025 10:15:17,Q Garden-PetPARQ,23,,8,3
,,PARQ.PARQ.OW1F.LobbyCounter,07a8840e-239a-4bab-a924-8d4a211c66f9,02/19/2025 13:49:49,,,,PARQ.Office West Wing.1 Floor.Lobby Counter,251,,,07a8840e-239a-4bab-a924-8d4a211c66f9,11/26/2025 10:15:17,Lobby Counter,24,,9,3
,,PARQ.PARQ.OW1F.DropOff,07a8840e-239a-4bab-a924-8d4a211c66f9,02/19/2025 13:49:49,,,,PARQ.Office West Wing.1 Floor.Drop Off,252,,,07a8840e-239a-4bab-a924-8d4a211c66f9,11/26/2025 10:15:17,Drop Off,24,,9,3
,,PARQ.PARQ.OW1F.Gate3,07a8840e-239a-4bab-a924-8d4a211c66f9,02/19/2025 13:49:49,,,,PARQ.Office West Wing.1 Floor.Gate3,253,,,07a8840e-239a-4bab-a924-8d4a211c66f9,11/26/2025 10:15:17,Gate3,24,,9,3
,,PARQ.PARQ.OW1F.Gate4,07a8840e-239a-4bab-a924-8d4a211c66f9,02/19/2025 13:49:49,,,,PARQ.Office West Wing.1 Floor.Gate4,254,,,07a8840e-239a-4bab-a924-8d4a211c66f9,11/26/2025 10:15:17,Gate4,24,,9,3
,,PARQ.PARQ.OW1F.Gate5,07a8840e-239a-4bab-a924-8d4a211c66f9,02/19/2025 13:49:49,,,,PARQ.Office West Wing.1 Floor.Gate5,255,,,07a8840e-239a-4bab-a924-8d4a211c66f9,11/26/2025 10:15:17,Gate5,24,,9,3
,,PARQ.PARQ.OW1F.Gate6,07a8840e-239a-4bab-a924-8d4a211c66f9,02/19/2025 13:49:49,,,,PARQ.Office West Wing.1 Floor.Gate6(mini),256,,,07a8840e-239a-4bab-a924-8d4a211c66f9,11/26/2025 10:15:17,Gate6(mini),24,,9,3
,,PARQ.PARQ.OE1F.LobbyCounter,07a8840e-239a-4bab-a924-8d4a211c66f9,02/19/2025 13:49:49,,,,PARQ.Office East Wing.1 Floor.Lobby Counter,257,,,07a8840e-239a-4bab-a924-8d4a211c66f9,11/26/2025 10:15:17,Lobby Counter,41,,10,3
,,PARQ.PARQ.OE1F.DropOff,07a8840e-239a-4bab-a924-8d4a211c66f9,02/19/2025 13:49:49,,,,PARQ.Office East Wing.5 Floor.Drop Off,258,,,07a8840e-239a-4bab-a924-8d4a211c66f9,11/26/2025 10:15:17,Drop Off,45,,10,3
,,PARQ.PARQ.OE1F.Gate7,07a8840e-239a-4bab-a924-8d4a211c66f9,02/19/2025 13:49:49,,,,PARQ.Office East Wing.5 Floor.Gate 7(Thesis),259,,,07a8840e-239a-4bab-a924-8d4a211c66f9,11/26/2025 10:15:17,Gate 7(Thesis),45,,10,3
,,PARQ.PARQ.OE1F.Gate8,07a8840e-239a-4bab-a924-8d4a211c66f9,02/19/2025 13:49:49,,,,PARQ.Office East Wing.5 Floor.Gate 8,260,,,07a8840e-239a-4bab-a924-8d4a211c66f9,11/26/2025 10:15:17,Gate 8,45,,10,3
,,PARQ.PARQ.OE1F.Gate9,07a8840e-239a-4bab-a924-8d4a211c66f9,02/19/2025 13:49:49,,,,PARQ.Office East Wing.5 Floor.Gate 9,261,,,07a8840e-239a-4bab-a924-8d4a211c66f9,11/26/2025 10:15:17,Gate 9,45,,10,3
,,PARQ.PARQ.OE1F.Gate10,07a8840e-239a-4bab-a924-8d4a211c66f9,02/19/2025 13:49:49,,,,PARQ.Office East Wing.5 Floor.Gate 10(near 7-11),262,,,07a8840e-239a-4bab-a924-8d4a211c66f9,11/26/2025 10:15:17,Gate 10(near 7-11),45,,10,3
,,"PARQ.PARQ.OW4F.AHURoom(No.1,4)",07a8840e-239a-4bab-a924-8d4a211c66f9,02/19/2025 13:49:49,,,,"PARQ.Office West Wing.4 Floor.AHU Room (No.1,4)",263,,,07a8840e-239a-4bab-a924-8d4a211c66f9,11/26/2025 10:15:17,"AHU Room (No.1,4)",27,,9,3
,,"PARQ.PARQ.OW4F.AHURoom(No.2,3)",07a8840e-239a-4bab-a924-8d4a211c66f9,02/19/2025 13:49:49,,,,"PARQ.Office West Wing.4 Floor.AHU Room (No.2,3)",264,,,07a8840e-239a-4bab-a924-8d4a211c66f9,11/26/2025 10:15:17,"AHU Room (No.2,3)",27,,9,3
,,PARQ.PARQ.OW4F.EERoom(Square),07a8840e-239a-4bab-a924-8d4a211c66f9,02/19/2025 13:49:49,,,,PARQ.Office West Wing.4 Floor.EE Room(Square),265,,,07a8840e-239a-4bab-a924-8d4a211c66f9,11/26/2025 10:15:17,EE Room(Square),27,,9,3
,,PARQ.PARQ.OW4F.EERoom(Triangle),07a8840e-239a-4bab-a924-8d4a211c66f9,02/19/2025 13:49:49,,,,PARQ.Office West Wing.4 Floor.EE Room(Triangle),266,,,07a8840e-239a-4bab-a924-8d4a211c66f9,11/26/2025 10:15:17,EE Room(Triangle),27,,9,3
,,PARQ.PARQ.OW4F.ICTRoom,07a8840e-239a-4bab-a924-8d4a211c66f9,02/19/2025 13:49:49,,,,PARQ.Office West Wing.4 Floor.ICT Room,267,,,07a8840e-239a-4bab-a924-8d4a211c66f9,11/26/2025 10:15:17,ICT Room,27,,9,3
,,PARQ.PARQ.OW4F.WomenToilet(Big),07a8840e-239a-4bab-a924-8d4a211c66f9,02/19/2025 13:49:49,,,,PARQ.Office West Wing.4 Floor.Women Toilet(Big),268,,,07a8840e-239a-4bab-a924-8d4a211c66f9,11/26/2025 10:15:17,Women Toilet(Big),27,,9,3
,,PARQ.PARQ.OW4F.WomenToilet(Small),07a8840e-239a-4bab-a924-8d4a211c66f9,02/19/2025 13:49:49,,,,PARQ.Office West Wing.4 Floor.Women Toilet(Small),269,,,07a8840e-239a-4bab-a924-8d4a211c66f9,11/26/2025 10:15:17,Women Toilet(Small),27,,9,3
,,PARQ.PARQ.OW4F.MenToilet,07a8840e-239a-4bab-a924-8d4a211c66f9,02/19/2025 13:49:49,,,,PARQ.Office West Wing.4 Floor.Men Toilet,270,,,07a8840e-239a-4bab-a924-8d4a211c66f9,11/26/2025 10:15:17,Men Toilet,27,,9,3
,,PARQ.PARQ.OW4F.AccessibleToilet,07a8840e-239a-4bab-a924-8d4a211c66f9,02/19/2025 13:49:49,,,,PARQ.Office West Wing.4 Floor.Accessible Toilet,271,,,07a8840e-239a-4bab-a924-8d4a211c66f9,11/26/2025 10:15:17,Accessible Toilet,27,,9,3
,,PARQ.PARQ.OW4F.ChangingRoom,07a8840e-239a-4bab-a924-8d4a211c66f9,02/19/2025 13:49:49,,,,PARQ.Office West Wing.4 Floor.Changing Room,272,,,07a8840e-239a-4bab-a924-8d4a211c66f9,11/26/2025 10:15:17,Changing Room,27,,9,3
,,PARQ.PARQ.OW4F.Pantry,07a8840e-239a-4bab-a924-8d4a211c66f9,02/19/2025 13:49:49,,,,PARQ.Office West Wing.4 Floor.Pantry,273,,,07a8840e-239a-4bab-a924-8d4a211c66f9,11/26/2025 10:15:17,Pantry,27,,9,3
,,PARQ.PARQ.OW4F.4W-01,07a8840e-239a-4bab-a924-8d4a211c66f9,02/19/2025 13:49:49,,,,PARQ.Office West Wing.4 Floor.4W-01(VNU),274,,,07a8840e-239a-4bab-a924-8d4a211c66f9,11/26/2025 10:15:17,4W-01(VNU),27,,9,3
,,PARQ.PARQ.OW4F.4W-02,07a8840e-239a-4bab-a924-8d4a211c66f9,02/19/2025 13:49:49,,,,PARQ.Office West Wing.4 Floor.4W-02(VNU),275,,,07a8840e-239a-4bab-a924-8d4a211c66f9,11/26/2025 10:15:17,4W-02(VNU),27,,9,3
,,PARQ.PARQ.OW4F.4W-03,07a8840e-239a-4bab-a924-8d4a211c66f9,02/19/2025 13:49:49,,,,PARQ.Office West Wing.4 Floor.4W-03(VNU),276,,,07a8840e-239a-4bab-a924-8d4a211c66f9,11/26/2025 10:15:17,4W-03(VNU),27,,9,3
,,PARQ.PARQ.OW4F.4W-04,07a8840e-239a-4bab-a924-8d4a211c66f9,02/19/2025 13:49:49,,,,PARQ.Office West Wing.4 Floor.4W-04(Frasers),277,,,07a8840e-239a-4bab-a924-8d4a211c66f9,11/26/2025 10:15:17,4W-04(Frasers),27,,9,3
,,PARQ.PARQ.OW4F.4W-05,07a8840e-239a-4bab-a924-8d4a211c66f9,02/19/2025 13:49:49,,,,PARQ.Office West Wing.4 Floor.4W-05(Frasers),278,,,07a8840e-239a-4bab-a924-8d4a211c66f9,11/26/2025 10:15:17,4W-05(Frasers),27,,9,3
,,PARQ.PARQ.OW4F.4W-06,07a8840e-239a-4bab-a924-8d4a211c66f9,02/19/2025 13:49:49,,,,PARQ.Office West Wing.4 Floor.4W-06(Eternal Youth),279,,,07a8840e-239a-4bab-a924-8d4a211c66f9,11/26/2025 10:15:17,4W-06(Eternal Youth),27,,9,3
,,PARQ.PARQ.OW4F.4W-07,07a8840e-239a-4bab-a924-8d4a211c66f9,02/19/2025 13:49:49,,,,PARQ.Office West Wing.4 Floor.4W-07(Eternal Youth),280,,,07a8840e-239a-4bab-a924-8d4a211c66f9,11/26/2025 10:15:17,4W-07(Eternal Youth),27,,9,3
,,PARQ.PARQ.OW4F.4W-08,07a8840e-239a-4bab-a924-8d4a211c66f9,02/19/2025 13:49:49,,,,PARQ.Office West Wing.4 Floor.4W-08(Warner),281,,,07a8840e-239a-4bab-a924-8d4a211c66f9,11/26/2025 10:15:17,4W-08(Warner),27,,9,3
,,PARQ.PARQ.OW4F.4W-09,07a8840e-239a-4bab-a924-8d4a211c66f9,02/19/2025 13:49:49,,,,PARQ.Office West Wing.4 Floor.4W-09(Warner),282,,,07a8840e-239a-4bab-a924-8d4a211c66f9,11/26/2025 10:15:17,4W-09(Warner),27,,9,3
,,PARQ.PARQ.OW4F.4W-10,07a8840e-239a-4bab-a924-8d4a211c66f9,02/19/2025 13:49:49,,,,PARQ.Office West Wing.4 Floor.4W-10(Warner),283,,,07a8840e-239a-4bab-a924-8d4a211c66f9,11/26/2025 10:15:17,4W-10(Warner),27,,9,3
,,PARQ.PARQ.OW4F.4W-11,07a8840e-239a-4bab-a924-8d4a211c66f9,02/19/2025 13:49:49,,,,PARQ.Office West Wing.4 Floor.4W-11(Warner),284,,,07a8840e-239a-4bab-a924-8d4a211c66f9,11/26/2025 10:15:17,4W-11(Warner),27,,9,3
,,PARQ.PARQ.OW4F.4W-21,07a8840e-239a-4bab-a924-8d4a211c66f9,02/19/2025 13:49:49,,,,PARQ.Office West Wing.4 Floor.4W-21(VNU),285,,,07a8840e-239a-4bab-a924-8d4a211c66f9,11/26/2025 10:15:17,4W-21(VNU),27,,9,3
,,"PARQ.PARQ.OE4F.AHURoom(No.1,4)",07a8840e-239a-4bab-a924-8d4a211c66f9,02/19/2025 13:49:49,,,,"PARQ.Office East Wing.4 Floor.AHU Room(No.1,4)",286,,,07a8840e-239a-4bab-a924-8d4a211c66f9,11/26/2025 10:15:17,"AHU Room(No.1,4)",44,,10,3
,,"PARQ.PARQ.OE4F.AHURoom(No.2,3)",07a8840e-239a-4bab-a924-8d4a211c66f9,02/19/2025 13:49:49,,,,"PARQ.Office East Wing.4 Floor.AHU Room(No.2,3)",287,,,07a8840e-239a-4bab-a924-8d4a211c66f9,11/26/2025 10:15:17,"AHU Room(No.2,3)",44,,10,3
,,PARQ.PARQ.OE4F.EERoom1,07a8840e-239a-4bab-a924-8d4a211c66f9,02/19/2025 13:49:49,,,,PARQ.Office East Wing.4 Floor.EE Room 1,288,,,07a8840e-239a-4bab-a924-8d4a211c66f9,11/26/2025 10:15:17,EE Room 1,44,,10,3
,,PARQ.PARQ.OE4F.EERoom2,07a8840e-239a-4bab-a924-8d4a211c66f9,02/19/2025 13:49:49,,,,PARQ.Office East Wing.4 Floor.EE Room 2,289,,,07a8840e-239a-4bab-a924-8d4a211c66f9,11/26/2025 10:15:17,EE Room 2,44,,10,3
,,PARQ.PARQ.OE4F.ICTRoom,07a8840e-239a-4bab-a924-8d4a211c66f9,02/19/2025 13:49:49,,,,PARQ.Office East Wing.4 Floor.ICT Room,290,,,07a8840e-239a-4bab-a924-8d4a211c66f9,11/26/2025 10:15:17,ICT Room,44,,10,3
,,PARQ.PARQ.OE4F.WomenToilet(Big),07a8840e-239a-4bab-a924-8d4a211c66f9,02/19/2025 13:49:49,,,,PARQ.Office East Wing.4 Floor.Women Toilet(Big),291,,,07a8840e-239a-4bab-a924-8d4a211c66f9,11/26/2025 10:15:17,Women Toilet(Big),44,,10,3
,,PARQ.PARQ.OE4F.WomenToilet(Small),07a8840e-239a-4bab-a924-8d4a211c66f9,02/19/2025 13:49:49,,,,PARQ.Office East Wing.4 Floor.Women Toilet(Small),292,,,07a8840e-239a-4bab-a924-8d4a211c66f9,11/26/2025 10:15:17,Women Toilet(Small),44,,10,3
,,PARQ.PARQ.OE4F.MenToilet,07a8840e-239a-4bab-a924-8d4a211c66f9,02/19/2025 13:49:49,,,,PARQ.Office East Wing.4 Floor.Men Toilet,293,,,07a8840e-239a-4bab-a924-8d4a211c66f9,11/26/2025 10:15:17,Men Toilet,44,,10,3
,,PARQ.PARQ.OE4F.AccessibleToilet,07a8840e-239a-4bab-a924-8d4a211c66f9,02/19/2025 13:49:49,,,,PARQ.Office East Wing.4 Floor.Accessible Toilet,294,,,07a8840e-239a-4bab-a924-8d4a211c66f9,11/26/2025 10:15:17,Accessible Toilet,44,,10,3
,,PARQ.PARQ.OE4F.ChangingRoom,07a8840e-239a-4bab-a924-8d4a211c66f9,02/19/2025 13:49:49,,,,PARQ.Office East Wing.4 Floor.Changing Room,295,,,07a8840e-239a-4bab-a924-8d4a211c66f9,11/26/2025 10:15:17,Changing Room,44,,10,3
,,PARQ.PARQ.OE4F.Pantry,07a8840e-239a-4bab-a924-8d4a211c66f9,02/19/2025 13:49:49,,,,PARQ.Office East Wing.4 Floor.Pantry,296,,,07a8840e-239a-4bab-a924-8d4a211c66f9,11/26/2025 10:15:17,Pantry,44,,10,3
,,PARQ.PARQ.OE4F.4W-04,07a8840e-239a-4bab-a924-8d4a211c66f9,02/19/2025 13:49:49,,,,PARQ.Office East Wing.4 Floor.4E-04(POMELO),297,,,07a8840e-239a-4bab-a924-8d4a211c66f9,11/26/2025 10:15:17,4E-04(POMELO),44,,10,3
,,PARQ.PARQ.OE4F.4W-05,07a8840e-239a-4bab-a924-8d4a211c66f9,02/19/2025 13:49:49,,,,PARQ.Office East Wing.4 Floor.4E-05(POMELO),298,,,07a8840e-239a-4bab-a924-8d4a211c66f9,11/26/2025 10:15:17,4E-05(POMELO),44,,10,3
,,PARQ.PARQ.OE4F.4W-06,07a8840e-239a-4bab-a924-8d4a211c66f9,02/19/2025 13:49:49,,,,PARQ.Office East Wing.4 Floor.4E-06(POMELO),299,,,07a8840e-239a-4bab-a924-8d4a211c66f9,11/26/2025 10:15:17,4E-06(POMELO),44,,10,3
,,PARQ.PARQ.OE4F.4W-07,07a8840e-239a-4bab-a924-8d4a211c66f9,02/19/2025 13:49:49,,,,PARQ.Office East Wing.4 Floor.4E-07(POMELO),300,,,07a8840e-239a-4bab-a924-8d4a211c66f9,11/26/2025 10:15:17,4E-07(POMELO),44,,10,3
,,PARQ.PARQ.OE4F.4W-08,07a8840e-239a-4bab-a924-8d4a211c66f9,02/19/2025 13:49:49,,,,PARQ.Office East Wing.4 Floor.4E-08(POMELO),301,,,07a8840e-239a-4bab-a924-8d4a211c66f9,11/26/2025 10:15:17,4E-08(POMELO),44,,10,3
,,PARQ.PARQ.OE4F.4W-09,07a8840e-239a-4bab-a924-8d4a211c66f9,02/19/2025 13:49:49,,,,PARQ.Office East Wing.4 Floor.4E-09(POMELO),302,,,07a8840e-239a-4bab-a924-8d4a211c66f9,11/26/2025 10:15:17,4E-09(POMELO),44,,10,3
,,PARQ.PARQ.OE4F.4W-10,07a8840e-239a-4bab-a924-8d4a211c66f9,02/19/2025 13:49:49,,,,PARQ.Office East Wing.4 Floor.4E-10(Eternal Youth),303,,,07a8840e-239a-4bab-a924-8d4a211c66f9,11/26/2025 10:15:17,4E-10(Eternal Youth),44,,10,3
,,PARQ.PARQ.OE4F.4W-11,07a8840e-239a-4bab-a924-8d4a211c66f9,02/19/2025 13:49:49,,,,PARQ.Office East Wing.4 Floor.4E-11(Eternal Youth),304,,,07a8840e-239a-4bab-a924-8d4a211c66f9,11/26/2025 10:15:17,4E-11(Eternal Youth),44,,10,3
,,PARQ.PARQ.OE4F.4W-12,07a8840e-239a-4bab-a924-8d4a211c66f9,02/19/2025 13:49:49,,,,PARQ.Office East Wing.4 Floor.4E-12(Eternal Youth),305,,,07a8840e-239a-4bab-a924-8d4a211c66f9,11/26/2025 10:15:17,4E-12(Eternal Youth),44,,10,3
,,PARQ.PARQ.OE4F.4W-13,07a8840e-239a-4bab-a924-8d4a211c66f9,02/19/2025 13:49:49,,,,PARQ.Office East Wing.4 Floor.4E-13(Eternal Youth),306,,,07a8840e-239a-4bab-a924-8d4a211c66f9,11/26/2025 10:15:17,4E-13(Eternal Youth),44,,10,3
,,"PARQ.PARQ.OW5F.AHURoom(No.1,4)",07a8840e-239a-4bab-a924-8d4a211c66f9,02/19/2025 13:49:49,,,,"PARQ.Office West Wing.5 Floor.AHU Room(No.1,4)",307,,,07a8840e-239a-4bab-a924-8d4a211c66f9,11/26/2025 10:15:17,"AHU Room(No.1,4)",28,,9,3
,,"PARQ.PARQ.OW5F.AHURoom(No.2,3)",07a8840e-239a-4bab-a924-8d4a211c66f9,02/19/2025 13:49:49,,,,"PARQ.Office West Wing.5 Floor.AHU Room(No.2,3)",308,,,07a8840e-239a-4bab-a924-8d4a211c66f9,11/26/2025 10:15:17,"AHU Room(No.2,3)",28,,9,3
,,PARQ.PARQ.OW5F.EERoom(Square),07a8840e-239a-4bab-a924-8d4a211c66f9,02/19/2025 13:49:49,,,,PARQ.Office West Wing.5 Floor.EE Room(Square),309,,,07a8840e-239a-4bab-a924-8d4a211c66f9,11/26/2025 10:15:17,EE Room(Square),28,,9,3
,,PARQ.PARQ.OW5F.EERoom(Triangle),07a8840e-239a-4bab-a924-8d4a211c66f9,02/19/2025 13:49:49,,,,PARQ.Office West Wing.5 Floor.EE Room(Triangle),310,,,07a8840e-239a-4bab-a924-8d4a211c66f9,11/26/2025 10:15:17,EE Room(Triangle),28,,9,3
,,PARQ.PARQ.OW5F.ICTRoom,07a8840e-239a-4bab-a924-8d4a211c66f9,02/19/2025 13:49:49,,,,PARQ.Office West Wing.5 Floor.ICT Room,311,,,07a8840e-239a-4bab-a924-8d4a211c66f9,11/26/2025 10:15:17,ICT Room,28,,9,3
,,PARQ.PARQ.OW5F.WomenToilet(Big),07a8840e-239a-4bab-a924-8d4a211c66f9,02/19/2025 13:49:49,,,,PARQ.Office West Wing.5 Floor.Women Toilet(Big),312,,,07a8840e-239a-4bab-a924-8d4a211c66f9,11/26/2025 10:15:17,Women Toilet(Big),28,,9,3
,,PARQ.PARQ.OW5F.WomenToilet(Small),07a8840e-239a-4bab-a924-8d4a211c66f9,02/19/2025 13:49:50,,,,PARQ.Office West Wing.5 Floor.Women Toilet(Small),313,,,07a8840e-239a-4bab-a924-8d4a211c66f9,11/26/2025 10:15:17,Women Toilet(Small),28,,9,3
,,PARQ.PARQ.OW5F.MenToilet,07a8840e-239a-4bab-a924-8d4a211c66f9,02/19/2025 13:49:50,,,,PARQ.Office West Wing.5 Floor.Men Toilet,314,,,07a8840e-239a-4bab-a924-8d4a211c66f9,11/26/2025 10:15:17,Men Toilet,28,,9,3
,,PARQ.PARQ.OW5F.AccessibleToilet,07a8840e-239a-4bab-a924-8d4a211c66f9,02/19/2025 13:49:50,,,,PARQ.Office West Wing.5 Floor.Accessible Toilet,315,,,07a8840e-239a-4bab-a924-8d4a211c66f9,11/26/2025 10:15:17,Accessible Toilet,28,,9,3
,,PARQ.PARQ.OW5F.ChangingRoom,07a8840e-239a-4bab-a924-8d4a211c66f9,02/19/2025 13:49:50,,,,PARQ.Office West Wing.5 Floor.Changing Room,316,,,07a8840e-239a-4bab-a924-8d4a211c66f9,11/26/2025 10:15:17,Changing Room,28,,9,3
,,PARQ.PARQ.OW5F.Pantry,07a8840e-239a-4bab-a924-8d4a211c66f9,02/19/2025 13:49:50,,,,PARQ.Office West Wing.5 Floor.Pantry,317,,,07a8840e-239a-4bab-a924-8d4a211c66f9,11/26/2025 10:15:17,Pantry,28,,9,3
,,PARQ.PARQ.OW5F.5W-01,07a8840e-239a-4bab-a924-8d4a211c66f9,02/19/2025 13:49:50,,,,PARQ.Office West Wing.5 Floor.5W-01(3M),318,,,07a8840e-239a-4bab-a924-8d4a211c66f9,11/26/2025 10:15:17,5W-01(3M),28,,9,3
,,PARQ.PARQ.OW5F.5W-02,07a8840e-239a-4bab-a924-8d4a211c66f9,02/19/2025 13:49:50,,,,PARQ.Office West Wing.5 Floor.5W-02(3M),319,,,07a8840e-239a-4bab-a924-8d4a211c66f9,11/26/2025 10:15:17,5W-02(3M),28,,9,3
,,PARQ.PARQ.OW5F.5W-03,07a8840e-239a-4bab-a924-8d4a211c66f9,02/19/2025 13:49:50,,,,PARQ.Office West Wing.5 Floor.5W-03(3M),320,,,07a8840e-239a-4bab-a924-8d4a211c66f9,11/26/2025 10:15:17,5W-03(3M),28,,9,3
,,PARQ.PARQ.OW5F.5W-04,07a8840e-239a-4bab-a924-8d4a211c66f9,02/19/2025 13:49:50,,,,PARQ.Office West Wing.5 Floor.5W-04(3M),321,,,07a8840e-239a-4bab-a924-8d4a211c66f9,11/26/2025 10:15:17,5W-04(3M),28,,9,3
,,PARQ.PARQ.OW5F.5W-05,07a8840e-239a-4bab-a924-8d4a211c66f9,02/19/2025 13:49:50,,,,PARQ.Office West Wing.5 Floor.5W-05(3M),322,,,07a8840e-239a-4bab-a924-8d4a211c66f9,11/26/2025 10:15:17,5W-05(3M),28,,9,3
,,PARQ.PARQ.OW5F.5W-06,07a8840e-239a-4bab-a924-8d4a211c66f9,02/19/2025 13:49:50,,,,PARQ.Office West Wing.5 Floor.5W-06(3M),323,,,07a8840e-239a-4bab-a924-8d4a211c66f9,11/26/2025 10:15:17,5W-06(3M),28,,9,3
,,PARQ.PARQ.OW5F.5W-07,07a8840e-239a-4bab-a924-8d4a211c66f9,02/19/2025 13:49:50,,,,PARQ.Office West Wing.5 Floor.5W-07(3M),324,,,07a8840e-239a-4bab-a924-8d4a211c66f9,11/26/2025 10:15:17,5W-07(3M),28,,9,3
,,PARQ.PARQ.OW5F.5W-08,07a8840e-239a-4bab-a924-8d4a211c66f9,02/19/2025 13:49:50,,,,PARQ.Office West Wing.5 Floor.5W-08(3M),325,,,07a8840e-239a-4bab-a924-8d4a211c66f9,11/26/2025 10:15:17,5W-08(3M),28,,9,3
,,PARQ.PARQ.OW5F.5W-09,07a8840e-239a-4bab-a924-8d4a211c66f9,02/19/2025 13:49:50,,,,PARQ.Office West Wing.5 Floor.5W-09(Arise),326,,,07a8840e-239a-4bab-a924-8d4a211c66f9,11/26/2025 10:15:17,5W-09(Arise),28,,9,3
,,PARQ.PARQ.OW5F.5W-10,07a8840e-239a-4bab-a924-8d4a211c66f9,02/19/2025 13:49:50,,,,PARQ.Office West Wing.5 Floor.5W-10(Arise),327,,,07a8840e-239a-4bab-a924-8d4a211c66f9,11/26/2025 10:15:17,5W-10(Arise),28,,9,3
,,PARQ.PARQ.OW5F.5W-11,07a8840e-239a-4bab-a924-8d4a211c66f9,02/19/2025 13:49:50,,,,PARQ.Office West Wing.5 Floor.5W-11(Arise),328,,,07a8840e-239a-4bab-a924-8d4a211c66f9,11/26/2025 10:15:17,5W-11(Arise),28,,9,3
,,PARQ.PARQ.OW5F.5W-12,07a8840e-239a-4bab-a924-8d4a211c66f9,02/19/2025 13:49:50,,,,PARQ.Office West Wing.5 Floor.5W-12(Arise),329,,,07a8840e-239a-4bab-a924-8d4a211c66f9,11/26/2025 10:15:17,5W-12(Arise),28,,9,3
,,PARQ.PARQ.OW5F.5W-13,07a8840e-239a-4bab-a924-8d4a211c66f9,02/19/2025 13:49:50,,,,PARQ.Office West Wing.5 Floor.5W-13(Arise),330,,,07a8840e-239a-4bab-a924-8d4a211c66f9,11/26/2025 10:15:17,5W-13(Arise),28,,9,3
,,PARQ.PARQ.OW5F.5W-14,07a8840e-239a-4bab-a924-8d4a211c66f9,02/19/2025 13:49:50,,,,PARQ.Office West Wing.5 Floor.5W-14(Arise),331,,,07a8840e-239a-4bab-a924-8d4a211c66f9,11/26/2025 10:15:17,5W-14(Arise),28,,9,3
,,PARQ.PARQ.OW5F.5W-15,07a8840e-239a-4bab-a924-8d4a211c66f9,02/19/2025 13:49:50,,,,PARQ.Office West Wing.5 Floor.5W-15(Arise),332,,,07a8840e-239a-4bab-a924-8d4a211c66f9,11/26/2025 10:15:17,5W-15(Arise),28,,9,3
,,PARQ.PARQ.OW5F.5W-16,07a8840e-239a-4bab-a924-8d4a211c66f9,02/19/2025 13:49:50,,,,PARQ.Office West Wing.5 Floor.5W-16(Arise),333,,,07a8840e-239a-4bab-a924-8d4a211c66f9,11/26/2025 10:15:17,5W-16(Arise),28,,9,3
,,"PARQ.PARQ.OE5F.AHURoom(No.1,4)",07a8840e-239a-4bab-a924-8d4a211c66f9,02/19/2025 13:49:50,,,,"PARQ.Office East Wing.5 Floor.AHU Room(No.1,4)",334,,,07a8840e-239a-4bab-a924-8d4a211c66f9,11/26/2025 10:15:17,"AHU Room(No.1,4)",45,,10,3
,,"PARQ.PARQ.OE5F.AHURoom(No.2,3)",07a8840e-239a-4bab-a924-8d4a211c66f9,02/19/2025 13:49:50,,,,"PARQ.Office East Wing.5 Floor.AHU Room(No.2,3)",335,,,07a8840e-239a-4bab-a924-8d4a211c66f9,11/26/2025 10:15:17,"AHU Room(No.2,3)",45,,10,3
,,PARQ.PARQ.OE5F.EERoom(Square),07a8840e-239a-4bab-a924-8d4a211c66f9,02/19/2025 13:49:50,,,,PARQ.Office East Wing.5 Floor.EE Room(Square),336,,,07a8840e-239a-4bab-a924-8d4a211c66f9,11/26/2025 10:15:17,EE Room(Square),45,,10,3
,,PARQ.PARQ.OE5F.EERoom(Triangle),07a8840e-239a-4bab-a924-8d4a211c66f9,02/19/2025 13:49:50,,,,PARQ.Office East Wing.5 Floor.EE Room(Triangle),337,,,07a8840e-239a-4bab-a924-8d4a211c66f9,11/26/2025 10:15:17,EE Room(Triangle),45,,10,3
,,PARQ.PARQ.OE5F.ICTRoom,07a8840e-239a-4bab-a924-8d4a211c66f9,02/19/2025 13:49:50,,,,PARQ.Office East Wing.5 Floor.ICT Room,338,,,07a8840e-239a-4bab-a924-8d4a211c66f9,11/26/2025 10:15:17,ICT Room,45,,10,3
,,PARQ.PARQ.OE5F.WomenToilet(Big),07a8840e-239a-4bab-a924-8d4a211c66f9,02/19/2025 13:49:50,,,,PARQ.Office East Wing.5 Floor.Women Toilet(Big),339,,,07a8840e-239a-4bab-a924-8d4a211c66f9,11/26/2025 10:15:17,Women Toilet(Big),45,,10,3
,,PARQ.PARQ.OE5F.WomenToilet(Small),07a8840e-239a-4bab-a924-8d4a211c66f9,02/19/2025 13:49:50,,,,PARQ.Office East Wing.5 Floor.Women Toilet(Small),340,,,07a8840e-239a-4bab-a924-8d4a211c66f9,11/26/2025 10:15:17,Women Toilet(Small),45,,10,3
,,PARQ.PARQ.OE5F.MenToilet,07a8840e-239a-4bab-a924-8d4a211c66f9,02/19/2025 13:49:50,,,,PARQ.Office East Wing.5 Floor.Men Toilet,341,,,07a8840e-239a-4bab-a924-8d4a211c66f9,11/26/2025 10:15:17,Men Toilet,45,,10,3
,,PARQ.PARQ.OE5F.AccessibleToilet,07a8840e-239a-4bab-a924-8d4a211c66f9,02/19/2025 13:49:50,,,,PARQ.Office East Wing.5 Floor.Accessible Toilet,342,,,07a8840e-239a-4bab-a924-8d4a211c66f9,11/26/2025 10:15:17,Accessible Toilet,45,,10,3
,,PARQ.PARQ.OE5F.ChangingRoom,07a8840e-239a-4bab-a924-8d4a211c66f9,02/19/2025 13:49:50,,,,PARQ.Office East Wing.5 Floor.Changing Room,343,,,07a8840e-239a-4bab-a924-8d4a211c66f9,11/26/2025 10:15:17,Changing Room,45,,10,3
,,PARQ.PARQ.OE5F.Pantry,07a8840e-239a-4bab-a924-8d4a211c66f9,02/19/2025 13:49:50,,,,PARQ.Office East Wing.5 Floor.Pantry,344,,,07a8840e-239a-4bab-a924-8d4a211c66f9,11/26/2025 10:15:17,Pantry,45,,10,3
,,PARQ.PARQ.OE5F.5E-01,07a8840e-239a-4bab-a924-8d4a211c66f9,02/19/2025 13:49:50,,,,PARQ.Office East Wing.5 Floor.5E-01(7Peaks),345,,,07a8840e-239a-4bab-a924-8d4a211c66f9,11/26/2025 10:15:17,5E-01(7Peaks),45,,10,3
,,PARQ.PARQ.OE5F.5E-02,07a8840e-239a-4bab-a924-8d4a211c66f9,02/19/2025 13:49:50,,,,PARQ.Office East Wing.5 Floor.5E-02(7Peaks),346,,,07a8840e-239a-4bab-a924-8d4a211c66f9,11/26/2025 10:15:17,5E-02(7Peaks),45,,10,3
,,PARQ.PARQ.OE5F.5E-03,07a8840e-239a-4bab-a924-8d4a211c66f9,02/19/2025 13:49:50,,,,PARQ.Office East Wing.5 Floor.5E-03(7Peaks),347,,,07a8840e-239a-4bab-a924-8d4a211c66f9,11/26/2025 10:15:17,5E-03(7Peaks),45,,10,3
,,PARQ.PARQ.OE5F.5E-04,07a8840e-239a-4bab-a924-8d4a211c66f9,02/19/2025 13:49:50,,,,PARQ.Office East Wing.5 Floor.5E-04(7Peaks),348,,,07a8840e-239a-4bab-a924-8d4a211c66f9,11/26/2025 10:15:17,5E-04(7Peaks),45,,10,3
,,PARQ.PARQ.OE5F.5E-05,07a8840e-239a-4bab-a924-8d4a211c66f9,02/19/2025 13:49:50,,,,PARQ.Office East Wing.5 Floor.5E-05(7Peaks),349,,,07a8840e-239a-4bab-a924-8d4a211c66f9,11/26/2025 10:15:17,5E-05(7Peaks),45,,10,3
,,PARQ.PARQ.OE5F.5E-06,07a8840e-239a-4bab-a924-8d4a211c66f9,02/19/2025 13:49:50,,,,PARQ.Office East Wing.5 Floor.5E-06(7Peaks),350,,,07a8840e-239a-4bab-a924-8d4a211c66f9,11/26/2025 10:15:17,5E-06(7Peaks),45,,10,3
,,PARQ.PARQ.OE5F.5E-07,07a8840e-239a-4bab-a924-8d4a211c66f9,02/19/2025 13:49:50,,,,PARQ.Office East Wing.5 Floor.5E-07(7Peaks),351,,,07a8840e-239a-4bab-a924-8d4a211c66f9,11/26/2025 10:15:17,5E-07(7Peaks),45,,10,3
,,PARQ.PARQ.OE5F.5E-08,07a8840e-239a-4bab-a924-8d4a211c66f9,02/19/2025 13:49:50,,,,PARQ.Office East Wing.5 Floor.5E-08(7Peaks),352,,,07a8840e-239a-4bab-a924-8d4a211c66f9,11/26/2025 10:15:17,5E-08(7Peaks),45,,10,3
,,PARQ.PARQ.OE5F.5E-09,07a8840e-239a-4bab-a924-8d4a211c66f9,02/19/2025 13:49:50,,,,PARQ.Office East Wing.5 Floor.5E-09(7Peaks),353,,,07a8840e-239a-4bab-a924-8d4a211c66f9,11/26/2025 10:15:17,5E-09(7Peaks),45,,10,3
,,PARQ.PARQ.OE5F.5E-10,07a8840e-239a-4bab-a924-8d4a211c66f9,02/19/2025 13:49:50,,,,PARQ.Office East Wing.5 Floor.5E-10(7Peaks),354,,,07a8840e-239a-4bab-a924-8d4a211c66f9,11/26/2025 10:15:17,5E-10(7Peaks),45,,10,3
,,PARQ.PARQ.OE5F.5E-11,07a8840e-239a-4bab-a924-8d4a211c66f9,02/19/2025 13:49:50,,,,PARQ.Office East Wing.5 Floor.5E-11(7Peaks),355,,,07a8840e-239a-4bab-a924-8d4a211c66f9,11/26/2025 10:15:17,5E-11(7Peaks),45,,10,3
,,PARQ.PARQ.OE5F.5E-12,07a8840e-239a-4bab-a924-8d4a211c66f9,02/19/2025 13:49:50,,,,PARQ.Office East Wing.5 Floor.5E-12(7Peaks),356,,,07a8840e-239a-4bab-a924-8d4a211c66f9,11/26/2025 10:15:17,5E-12(7Peaks),45,,10,3
,,PARQ.PARQ.OE5F.5E-13,07a8840e-239a-4bab-a924-8d4a211c66f9,02/19/2025 13:49:50,,,,PARQ.Office East Wing.5 Floor.5E-13(7Peaks),357,,,07a8840e-239a-4bab-a924-8d4a211c66f9,11/26/2025 10:15:17,5E-13(7Peaks),45,,10,3
,,PARQ.PARQ.OE5F.5E-14,07a8840e-239a-4bab-a924-8d4a211c66f9,02/19/2025 13:49:50,,,,PARQ.Office East Wing.5 Floor.5E-14(7Peaks),358,,,07a8840e-239a-4bab-a924-8d4a211c66f9,11/26/2025 10:15:17,5E-14(7Peaks),45,,10,3
,,PARQ.PARQ.OE5F.5E-15,07a8840e-239a-4bab-a924-8d4a211c66f9,02/19/2025 13:49:50,,,,PARQ.Office East Wing.5 Floor.5E-15(7Peaks),359,,,07a8840e-239a-4bab-a924-8d4a211c66f9,11/26/2025 10:15:17,5E-15(7Peaks),45,,10,3
,,PARQ.PARQ.OE5F.5E-16,07a8840e-239a-4bab-a924-8d4a211c66f9,02/19/2025 13:49:50,,,,PARQ.Office East Wing.5 Floor.5E-16(7Peaks),360,,,07a8840e-239a-4bab-a924-8d4a211c66f9,11/26/2025 10:15:17,5E-16(7Peaks),45,,10,3
,,"PARQ.PARQ.OW6F.AHURoom(No.1,4)",07a8840e-239a-4bab-a924-8d4a211c66f9,02/19/2025 13:49:50,,,,"PARQ.Office West Wing.6 Floor.AHU Room(No.1,4)",361,,,07a8840e-239a-4bab-a924-8d4a211c66f9,11/26/2025 10:15:17,"AHU Room(No.1,4)",29,,9,3
,,"PARQ.PARQ.OW6F.AHURoom(No.2,3)",07a8840e-239a-4bab-a924-8d4a211c66f9,02/19/2025 13:49:50,,,,"PARQ.Office West Wing.6 Floor.AHU Room(No.2,3)",362,,,07a8840e-239a-4bab-a924-8d4a211c66f9,11/26/2025 10:15:17,"AHU Room(No.2,3)",29,,9,3
,,PARQ.PARQ.OW6F.EERoom(Square),07a8840e-239a-4bab-a924-8d4a211c66f9,02/19/2025 13:49:50,,,,PARQ.Office West Wing.6 Floor.EE Room(Square),363,,,07a8840e-239a-4bab-a924-8d4a211c66f9,11/26/2025 10:15:17,EE Room(Square),29,,9,3
,,PARQ.PARQ.OW6F.EERoom(Triangle),07a8840e-239a-4bab-a924-8d4a211c66f9,02/19/2025 13:49:50,,,,PARQ.Office West Wing.6 Floor.EE Room(Triangle),364,,,07a8840e-239a-4bab-a924-8d4a211c66f9,11/26/2025 10:15:17,EE Room(Triangle),29,,9,3
,,PARQ.PARQ.OW6F.ICTRoom,07a8840e-239a-4bab-a924-8d4a211c66f9,02/19/2025 13:49:51,,,,PARQ.Office West Wing.6 Floor.ICT Room,365,,,07a8840e-239a-4bab-a924-8d4a211c66f9,11/26/2025 10:15:17,ICT Room,29,,9,3
,,PARQ.PARQ.OW6F.WomenToilet(Big),07a8840e-239a-4bab-a924-8d4a211c66f9,02/19/2025 13:49:51,,,,PARQ.Office West Wing.6 Floor.Women Toilet(Big),366,,,07a8840e-239a-4bab-a924-8d4a211c66f9,11/26/2025 10:15:17,Women Toilet(Big),29,,9,3
,,PARQ.PARQ.OW6F.WomenToilet(Small),07a8840e-239a-4bab-a924-8d4a211c66f9,02/19/2025 13:49:51,,,,PARQ.Office West Wing.6 Floor.Women Toilet(Small),367,,,07a8840e-239a-4bab-a924-8d4a211c66f9,11/26/2025 10:15:17,Women Toilet(Small),29,,9,3
,,PARQ.PARQ.OW6F.MenToilet,07a8840e-239a-4bab-a924-8d4a211c66f9,02/19/2025 13:49:51,,,,PARQ.Office West Wing.6 Floor.Men Toilet,368,,,07a8840e-239a-4bab-a924-8d4a211c66f9,11/26/2025 10:15:17,Men Toilet,29,,9,3
,,PARQ.PARQ.OW6F.AccessibleToilet,07a8840e-239a-4bab-a924-8d4a211c66f9,02/19/2025 13:49:51,,,,PARQ.Office West Wing.6 Floor.Accessible Toilet,369,,,07a8840e-239a-4bab-a924-8d4a211c66f9,11/26/2025 10:15:17,Accessible Toilet,29,,9,3
,,PARQ.PARQ.OW6F.ChangingRoom,07a8840e-239a-4bab-a924-8d4a211c66f9,02/19/2025 13:49:51,,,,PARQ.Office West Wing.6 Floor.Changing Room,370,,,07a8840e-239a-4bab-a924-8d4a211c66f9,11/26/2025 10:15:17,Changing Room,29,,9,3
,,PARQ.PARQ.OW6F.Pantry,07a8840e-239a-4bab-a924-8d4a211c66f9,02/19/2025 13:49:51,,,,PARQ.Office West Wing.6 Floor.Pantry,371,,,07a8840e-239a-4bab-a924-8d4a211c66f9,11/26/2025 10:15:17,Pantry,29,,9,3
,,PARQ.PARQ.OW6F.6W-01,07a8840e-239a-4bab-a924-8d4a211c66f9,02/19/2025 13:49:51,,,,PARQ.Office West Wing.6 Floor.6W-01(Marsh),372,,,07a8840e-239a-4bab-a924-8d4a211c66f9,11/26/2025 10:15:17,6W-01(Marsh),29,,9,3
,,PARQ.PARQ.OW6F.6W-02,07a8840e-239a-4bab-a924-8d4a211c66f9,02/19/2025 13:49:51,,,,PARQ.Office West Wing.6 Floor.6W-02(Marsh),373,,,07a8840e-239a-4bab-a924-8d4a211c66f9,11/26/2025 10:15:17,6W-02(Marsh),29,,9,3
,,PARQ.PARQ.OW6F.6W-03,07a8840e-239a-4bab-a924-8d4a211c66f9,02/19/2025 13:49:51,,,,PARQ.Office West Wing.6 Floor.6W-03(Marsh),374,,,07a8840e-239a-4bab-a924-8d4a211c66f9,11/26/2025 10:15:17,6W-03(Marsh),29,,9,3
,,PARQ.PARQ.OW6F.6W-04,07a8840e-239a-4bab-a924-8d4a211c66f9,02/19/2025 13:49:51,,,,PARQ.Office West Wing.6 Floor.6W-04(Marsh),375,,,07a8840e-239a-4bab-a924-8d4a211c66f9,11/26/2025 10:15:17,6W-04(Marsh),29,,9,3
,,PARQ.PARQ.OW6F.6W-05,07a8840e-239a-4bab-a924-8d4a211c66f9,02/19/2025 13:49:51,,,,PARQ.Office West Wing.6 Floor.6W-05(Marsh),376,,,07a8840e-239a-4bab-a924-8d4a211c66f9,11/26/2025 10:15:17,6W-05(Marsh),29,,9,3
,,PARQ.PARQ.OW6F.6W-06,07a8840e-239a-4bab-a924-8d4a211c66f9,02/19/2025 13:49:51,,,,PARQ.Office West Wing.6 Floor.6W-06(Marsh),377,,,07a8840e-239a-4bab-a924-8d4a211c66f9,11/26/2025 10:15:17,6W-06(Marsh),29,,9,3
,,PARQ.PARQ.OW6F.6W-07,07a8840e-239a-4bab-a924-8d4a211c66f9,02/19/2025 13:49:51,,,,PARQ.Office West Wing.6 Floor.6W-07(Marsh),378,,,07a8840e-239a-4bab-a924-8d4a211c66f9,11/26/2025 10:15:17,6W-07(Marsh),29,,9,3
,,PARQ.PARQ.OW6F.6W-08,07a8840e-239a-4bab-a924-8d4a211c66f9,02/19/2025 13:49:51,,,,PARQ.Office West Wing.6 Floor.6W-08(Marsh),379,,,07a8840e-239a-4bab-a924-8d4a211c66f9,11/26/2025 10:15:17,6W-08(Marsh),29,,9,3
,,PARQ.PARQ.OW6F.6W-09,07a8840e-239a-4bab-a924-8d4a211c66f9,02/19/2025 13:49:51,,,,PARQ.Office West Wing.6 Floor.6W-09(Marsh),380,,,07a8840e-239a-4bab-a924-8d4a211c66f9,11/26/2025 10:15:17,6W-09(Marsh),29,,9,3
,,PARQ.PARQ.OW6F.6W-10,07a8840e-239a-4bab-a924-8d4a211c66f9,02/19/2025 13:49:51,,,,PARQ.Office West Wing.6 Floor.6W-10(Marsh),381,,,07a8840e-239a-4bab-a924-8d4a211c66f9,11/26/2025 10:15:17,6W-10(Marsh),29,,9,3
,,PARQ.PARQ.OW6F.6W-11,07a8840e-239a-4bab-a924-8d4a211c66f9,02/19/2025 13:49:51,,,,PARQ.Office West Wing.6 Floor.6W-11(Marsh),382,,,07a8840e-239a-4bab-a924-8d4a211c66f9,11/26/2025 10:15:17,6W-11(Marsh),29,,9,3
,,PARQ.PARQ.OW6F.6W-12,07a8840e-239a-4bab-a924-8d4a211c66f9,02/19/2025 13:49:51,,,,PARQ.Office West Wing.6 Floor.6W-12(Marsh),383,,,07a8840e-239a-4bab-a924-8d4a211c66f9,11/26/2025 10:15:17,6W-12(Marsh),29,,9,3
,,PARQ.PARQ.OW6F.6W-13,07a8840e-239a-4bab-a924-8d4a211c66f9,02/19/2025 13:49:51,,,,PARQ.Office West Wing.6 Floor.6W-13(Marsh),384,,,07a8840e-239a-4bab-a924-8d4a211c66f9,11/26/2025 10:15:17,6W-13(Marsh),29,,9,3
,,PARQ.PARQ.OW6F.6W-14,07a8840e-239a-4bab-a924-8d4a211c66f9,02/19/2025 13:49:51,,,,PARQ.Office West Wing.6 Floor.6W-14(Marsh),385,,,07a8840e-239a-4bab-a924-8d4a211c66f9,11/26/2025 10:15:17,6W-14(Marsh),29,,9,3
,,PARQ.PARQ.OW6F.6W-15,07a8840e-239a-4bab-a924-8d4a211c66f9,02/19/2025 13:49:51,,,,PARQ.Office West Wing.6 Floor.6W-15(Marsh),386,,,07a8840e-239a-4bab-a924-8d4a211c66f9,11/26/2025 10:15:17,6W-15(Marsh),29,,9,3
,,PARQ.PARQ.OW6F.6W-16,07a8840e-239a-4bab-a924-8d4a211c66f9,02/19/2025 13:49:51,,,,PARQ.Office West Wing.6 Floor.6W-16(Marsh),387,,,07a8840e-239a-4bab-a924-8d4a211c66f9,11/26/2025 10:15:17,6W-16(Marsh),29,,9,3
,,"PARQ.PARQ.OE6F.AHURoom(No.1,4)",07a8840e-239a-4bab-a924-8d4a211c66f9,02/19/2025 13:49:51,,,,"PARQ.Office East Wing.6 Floor.AHU Room(No.1,4)",388,,,07a8840e-239a-4bab-a924-8d4a211c66f9,11/26/2025 10:15:17,"AHU Room(No.1,4)",46,,10,3
,,"PARQ.PARQ.OE6F.AHURoom(No.2,3)",07a8840e-239a-4bab-a924-8d4a211c66f9,02/19/2025 13:49:51,,,,"PARQ.Office East Wing.6 Floor.AHU Room(No.2,3)",389,,,07a8840e-239a-4bab-a924-8d4a211c66f9,11/26/2025 10:15:17,"AHU Room(No.2,3)",46,,10,3
,,PARQ.PARQ.OE6F.EERoom(Square),07a8840e-239a-4bab-a924-8d4a211c66f9,02/19/2025 13:49:51,,,,PARQ.Office East Wing.6 Floor.EE Room(Square),390,,,07a8840e-239a-4bab-a924-8d4a211c66f9,11/26/2025 10:15:17,EE Room(Square),46,,10,3
,,PARQ.PARQ.OE6F.EERoom(Triangle),07a8840e-239a-4bab-a924-8d4a211c66f9,02/19/2025 13:49:51,,,,PARQ.Office East Wing.6 Floor.EE Room(Triangle),391,,,07a8840e-239a-4bab-a924-8d4a211c66f9,11/26/2025 10:15:17,EE Room(Triangle),46,,10,3
,,PARQ.PARQ.OE6F.ICTRoom,07a8840e-239a-4bab-a924-8d4a211c66f9,02/19/2025 13:49:51,,,,PARQ.Office East Wing.6 Floor.ICT Room,392,,,07a8840e-239a-4bab-a924-8d4a211c66f9,11/26/2025 10:15:17,ICT Room,46,,10,3
,,PARQ.PARQ.OE6F.WomenToilet(Big),07a8840e-239a-4bab-a924-8d4a211c66f9,02/19/2025 13:49:51,,,,PARQ.Office East Wing.6 Floor.Women Toilet(Big),393,,,07a8840e-239a-4bab-a924-8d4a211c66f9,11/26/2025 10:15:17,Women Toilet(Big),46,,10,3
,,PARQ.PARQ.OE6F.WomenToilet(Small),07a8840e-239a-4bab-a924-8d4a211c66f9,02/19/2025 13:49:51,,,,PARQ.Office East Wing.6 Floor.Women Toilet(Small),394,,,07a8840e-239a-4bab-a924-8d4a211c66f9,11/26/2025 10:15:17,Women Toilet(Small),46,,10,3
,,PARQ.PARQ.OE6F.MenToilet,07a8840e-239a-4bab-a924-8d4a211c66f9,02/19/2025 13:49:51,,,,PARQ.Office East Wing.6 Floor.Men Toilet,395,,,07a8840e-239a-4bab-a924-8d4a211c66f9,11/26/2025 10:15:17,Men Toilet,46,,10,3
,,PARQ.PARQ.OE6F.AccessibleToilet,07a8840e-239a-4bab-a924-8d4a211c66f9,02/19/2025 13:49:51,,,,PARQ.Office East Wing.6 Floor.Accessible Toilet,396,,,07a8840e-239a-4bab-a924-8d4a211c66f9,11/26/2025 10:15:17,Accessible Toilet,46,,10,3
,,PARQ.PARQ.OE6F.ChangingRoom,07a8840e-239a-4bab-a924-8d4a211c66f9,02/19/2025 13:49:51,,,,PARQ.Office East Wing.6 Floor.Changing Room,397,,,07a8840e-239a-4bab-a924-8d4a211c66f9,11/26/2025 10:15:17,Changing Room,46,,10,3
,,PARQ.PARQ.OE6F.Pantry,07a8840e-239a-4bab-a924-8d4a211c66f9,02/19/2025 13:49:51,,,,PARQ.Office East Wing.6 Floor.Pantry,398,,,07a8840e-239a-4bab-a924-8d4a211c66f9,11/26/2025 10:15:17,Pantry,46,,10,3
,,PARQ.PARQ.OE6F.6E-01,07a8840e-239a-4bab-a924-8d4a211c66f9,02/19/2025 13:49:51,,,,PARQ.Office East Wing.6 Floor.6E-01(Livanova),399,,,07a8840e-239a-4bab-a924-8d4a211c66f9,11/26/2025 10:15:17,6E-01(Livanova),46,,10,3
,,PARQ.PARQ.OE6F.6E-02,07a8840e-239a-4bab-a924-8d4a211c66f9,02/19/2025 13:49:51,,,,PARQ.Office East Wing.6 Floor.6E-02(Foreo),400,,,07a8840e-239a-4bab-a924-8d4a211c66f9,11/26/2025 10:15:17,6E-02(Foreo),46,,10,3
,,PARQ.PARQ.OE6F.6E-03,07a8840e-239a-4bab-a924-8d4a211c66f9,02/19/2025 13:49:51,,,,PARQ.Office East Wing.6 Floor.6E-03(Foreo),401,,,07a8840e-239a-4bab-a924-8d4a211c66f9,11/26/2025 10:15:17,6E-03(Foreo),46,,10,3
,,PARQ.PARQ.OE6F.6E-04,07a8840e-239a-4bab-a924-8d4a211c66f9,02/19/2025 13:49:51,,,,PARQ.Office East Wing.6 Floor.6E-04(Rouse&Co),402,,,07a8840e-239a-4bab-a924-8d4a211c66f9,11/26/2025 10:15:17,6E-04(Rouse&Co),46,,10,3
,,PARQ.PARQ.OE6F.6E-05,07a8840e-239a-4bab-a924-8d4a211c66f9,02/19/2025 13:49:51,,,,PARQ.Office East Wing.6 Floor.6E-05(Rouse&Co),403,,,07a8840e-239a-4bab-a924-8d4a211c66f9,11/26/2025 10:15:17,6E-05(Rouse&Co),46,,10,3
,,PARQ.PARQ.OE6F.6E-06,07a8840e-239a-4bab-a924-8d4a211c66f9,02/19/2025 13:49:51,,,,PARQ.Office East Wing.6 Floor.6E-06(Rouse&Co),404,,,07a8840e-239a-4bab-a924-8d4a211c66f9,11/26/2025 10:15:17,6E-06(Rouse&Co),46,,10,3
,,PARQ.PARQ.OE6F.6E-07,07a8840e-239a-4bab-a924-8d4a211c66f9,02/19/2025 13:49:51,,,,PARQ.Office East Wing.6 Floor.6E-07(Rouse&Co),405,,,07a8840e-239a-4bab-a924-8d4a211c66f9,11/26/2025 10:15:17,6E-07(Rouse&Co),46,,10,3
,,PARQ.PARQ.OE6F.6E-08,07a8840e-239a-4bab-a924-8d4a211c66f9,02/19/2025 13:49:51,,,,PARQ.Office East Wing.6 Floor.6E-08(DailiTech),406,,,07a8840e-239a-4bab-a924-8d4a211c66f9,11/26/2025 10:15:17,6E-08(DailiTech),46,,10,3
,,PARQ.PARQ.OE6F.6E-09,07a8840e-239a-4bab-a924-8d4a211c66f9,02/19/2025 13:49:51,,,,PARQ.Office East Wing.6 Floor.6E-09(DailiTech),407,,,07a8840e-239a-4bab-a924-8d4a211c66f9,11/26/2025 10:15:17,6E-09(DailiTech),46,,10,3
,,PARQ.PARQ.OE6F.6E-10,07a8840e-239a-4bab-a924-8d4a211c66f9,02/19/2025 13:49:51,,,,PARQ.Office East Wing.6 Floor.6E-10(DailiTech),408,,,07a8840e-239a-4bab-a924-8d4a211c66f9,11/26/2025 10:15:17,6E-10(DailiTech),46,,10,3
,,PARQ.PARQ.OE6F.6E-11,07a8840e-239a-4bab-a924-8d4a211c66f9,02/19/2025 13:49:51,,,,PARQ.Office East Wing.6 Floor.6E-11(DailiTech),409,,,07a8840e-239a-4bab-a924-8d4a211c66f9,11/26/2025 10:15:17,6E-11(DailiTech),46,,10,3
,,PARQ.PARQ.OE6F.6E-12,07a8840e-239a-4bab-a924-8d4a211c66f9,02/19/2025 13:49:51,,,,PARQ.Office East Wing.6 Floor.6E-12(AWG),410,,,07a8840e-239a-4bab-a924-8d4a211c66f9,11/26/2025 10:15:17,6E-12(AWG),46,,10,3
,,PARQ.PARQ.OE6F.6E-13,07a8840e-239a-4bab-a924-8d4a211c66f9,02/19/2025 13:49:51,,,,PARQ.Office East Wing.6 Floor.6E-13(AWG),411,,,07a8840e-239a-4bab-a924-8d4a211c66f9,11/26/2025 10:15:17,6E-13(AWG),46,,10,3
,,PARQ.PARQ.OE6F.6E-14,07a8840e-239a-4bab-a924-8d4a211c66f9,02/19/2025 13:49:51,,,,PARQ.Office East Wing.6 Floor.6E-14(AWG),412,,,07a8840e-239a-4bab-a924-8d4a211c66f9,11/26/2025 10:15:17,6E-14(AWG),46,,10,3
,,PARQ.PARQ.OE6F.6E-15,07a8840e-239a-4bab-a924-8d4a211c66f9,02/19/2025 13:49:51,,,,PARQ.Office East Wing.6 Floor.6E-15(Vacant),413,,,07a8840e-239a-4bab-a924-8d4a211c66f9,11/26/2025 10:15:17,6E-15(Vacant),46,,10,3
,,PARQ.PARQ.OE6F.6E-16,07a8840e-239a-4bab-a924-8d4a211c66f9,02/19/2025 13:49:51,,,,PARQ.Office East Wing.6 Floor.6E-16(Vacant),414,,,07a8840e-239a-4bab-a924-8d4a211c66f9,11/26/2025 10:15:17,6E-16(Vacant),46,,10,3
,,"PARQ.PARQ.OW7F.AHURoom(No.1,4)",07a8840e-239a-4bab-a924-8d4a211c66f9,02/19/2025 13:49:51,,,,"PARQ.Office West Wing.7 Floor.AHU Room(No.1,4)",415,,,07a8840e-239a-4bab-a924-8d4a211c66f9,11/26/2025 10:15:17,"AHU Room(No.1,4)",30,,9,3
,,"PARQ.PARQ.OW7F.AHURoom(No.2,3)",07a8840e-239a-4bab-a924-8d4a211c66f9,02/19/2025 13:49:52,,,,"PARQ.Office West Wing.7 Floor.AHU Room(No.2,3)",416,,,07a8840e-239a-4bab-a924-8d4a211c66f9,11/26/2025 10:15:17,"AHU Room(No.2,3)",30,,9,3
,,PARQ.PARQ.OW7F.EERoom(Square),07a8840e-239a-4bab-a924-8d4a211c66f9,02/19/2025 13:49:52,,,,PARQ.Office West Wing.7 Floor.EE Room(Square),417,,,07a8840e-239a-4bab-a924-8d4a211c66f9,11/26/2025 10:15:17,EE Room(Square),30,,9,3
,,PARQ.PARQ.OW7F.EERoom(Triangle),07a8840e-239a-4bab-a924-8d4a211c66f9,02/19/2025 13:49:52,,,,PARQ.Office West Wing.7 Floor.EE Room(Triangle),418,,,07a8840e-239a-4bab-a924-8d4a211c66f9,11/26/2025 10:15:17,EE Room(Triangle),30,,9,3
,,PARQ.PARQ.OW7F.ICTRoom,07a8840e-239a-4bab-a924-8d4a211c66f9,02/19/2025 13:49:52,,,,PARQ.Office West Wing.7 Floor.ICT Room,419,,,07a8840e-239a-4bab-a924-8d4a211c66f9,11/26/2025 10:15:17,ICT Room,30,,9,3
,,PARQ.PARQ.OW7F.WomenToilet(Big),07a8840e-239a-4bab-a924-8d4a211c66f9,02/19/2025 13:49:52,,,,PARQ.Office West Wing.7 Floor.Women Toilet(Big),420,,,07a8840e-239a-4bab-a924-8d4a211c66f9,11/26/2025 10:15:17,Women Toilet(Big),30,,9,3
,,PARQ.PARQ.OW7F.WomenToilet(Small),07a8840e-239a-4bab-a924-8d4a211c66f9,02/19/2025 13:49:52,,,,PARQ.Office West Wing.7 Floor.Women Toilet(Small),421,,,07a8840e-239a-4bab-a924-8d4a211c66f9,11/26/2025 10:15:17,Women Toilet(Small),30,,9,3
,,PARQ.PARQ.OW7F.MenToilet,07a8840e-239a-4bab-a924-8d4a211c66f9,02/19/2025 13:49:52,,,,PARQ.Office West Wing.7 Floor.Men Toilet,422,,,07a8840e-239a-4bab-a924-8d4a211c66f9,11/26/2025 10:15:17,Men Toilet,30,,9,3
,,PARQ.PARQ.OW7F.AccessibleToilet,07a8840e-239a-4bab-a924-8d4a211c66f9,02/19/2025 13:49:52,,,,PARQ.Office West Wing.7 Floor.Accessible Toilet,423,,,07a8840e-239a-4bab-a924-8d4a211c66f9,11/26/2025 10:15:17,Accessible Toilet,30,,9,3
,,PARQ.PARQ.OW7F.ChangingRoom,07a8840e-239a-4bab-a924-8d4a211c66f9,02/19/2025 13:49:52,,,,PARQ.Office West Wing.7 Floor.Changing Room,424,,,07a8840e-239a-4bab-a924-8d4a211c66f9,11/26/2025 10:15:17,Changing Room,30,,9,3
,,PARQ.PARQ.OW7F.Pantry,07a8840e-239a-4bab-a924-8d4a211c66f9,02/19/2025 13:49:52,,,,PARQ.Office West Wing.7 Floor.Pantry,425,,,07a8840e-239a-4bab-a924-8d4a211c66f9,11/26/2025 10:15:17,Pantry,30,,9,3
,,PARQ.PARQ.OW7F.7W-01,07a8840e-239a-4bab-a924-8d4a211c66f9,02/19/2025 13:49:52,,,,PARQ.Office West Wing.7 Floor.7W-01(Schaeffler),426,,,07a8840e-239a-4bab-a924-8d4a211c66f9,11/26/2025 10:15:17,7W-01(Schaeffler),30,,9,3
,,PARQ.PARQ.OW7F.7W-02,07a8840e-239a-4bab-a924-8d4a211c66f9,02/19/2025 13:49:52,,,,PARQ.Office West Wing.7 Floor.7W-02(Here),427,,,07a8840e-239a-4bab-a924-8d4a211c66f9,11/26/2025 10:15:17,7W-02(Here),30,,9,3
,,PARQ.PARQ.OW7F.7W-03,07a8840e-239a-4bab-a924-8d4a211c66f9,02/19/2025 13:49:52,,,,PARQ.Office West Wing.7 Floor.7W-03(Here),428,,,07a8840e-239a-4bab-a924-8d4a211c66f9,11/26/2025 10:15:17,7W-03(Here),30,,9,3
,,PARQ.PARQ.OW7F.7W-04,07a8840e-239a-4bab-a924-8d4a211c66f9,02/19/2025 13:49:52,,,,PARQ.Office West Wing.7 Floor.7W-04(Here),429,,,07a8840e-239a-4bab-a924-8d4a211c66f9,11/26/2025 10:15:17,7W-04(Here),30,,9,3
,,PARQ.PARQ.OW7F.7W-05,07a8840e-239a-4bab-a924-8d4a211c66f9,02/19/2025 13:49:52,,,,PARQ.Office West Wing.7 Floor.7W-05(Vacant),430,,,07a8840e-239a-4bab-a924-8d4a211c66f9,11/26/2025 10:15:17,7W-05(Vacant),30,,9,3
,,PARQ.PARQ.OW7F.7W-06,07a8840e-239a-4bab-a924-8d4a211c66f9,02/19/2025 13:49:52,,,,PARQ.Office West Wing.7 Floor.7W-06(Vacant),431,,,07a8840e-239a-4bab-a924-8d4a211c66f9,11/26/2025 10:15:17,7W-06(Vacant),30,,9,3
,,PARQ.PARQ.OW7F.7W-07,07a8840e-239a-4bab-a924-8d4a211c66f9,02/19/2025 13:49:52,,,,PARQ.Office West Wing.7 Floor.7W-07(Vacant),432,,,07a8840e-239a-4bab-a924-8d4a211c66f9,11/26/2025 10:15:17,7W-07(Vacant),30,,9,3
,,PARQ.PARQ.OW7F.7W-08,07a8840e-239a-4bab-a924-8d4a211c66f9,02/19/2025 13:49:52,,,,PARQ.Office West Wing.7 Floor.7W-08(Vacant),433,,,07a8840e-239a-4bab-a924-8d4a211c66f9,11/26/2025 10:15:17,7W-08(Vacant),30,,9,3
,,PARQ.PARQ.OW7F.7W-09,07a8840e-239a-4bab-a924-8d4a211c66f9,02/19/2025 13:49:52,,,,PARQ.Office West Wing.7 Floor.7W-09(Vacant),434,,,07a8840e-239a-4bab-a924-8d4a211c66f9,11/26/2025 10:15:17,7W-09(Vacant),30,,9,3
,,PARQ.PARQ.OW7F.7W-10,07a8840e-239a-4bab-a924-8d4a211c66f9,02/19/2025 13:49:52,,,,PARQ.Office West Wing.7 Floor.7W-10(Vacant),435,,,07a8840e-239a-4bab-a924-8d4a211c66f9,11/26/2025 10:15:17,7W-10(Vacant),30,,9,3
,,PARQ.PARQ.OW7F.7W-11,07a8840e-239a-4bab-a924-8d4a211c66f9,02/19/2025 13:49:52,,,,PARQ.Office West Wing.7 Floor.7W-11(Vacant),436,,,07a8840e-239a-4bab-a924-8d4a211c66f9,11/26/2025 10:15:17,7W-11(Vacant),30,,9,3
,,PARQ.PARQ.OW7F.7W-12,07a8840e-239a-4bab-a924-8d4a211c66f9,02/19/2025 13:49:52,,,,PARQ.Office West Wing.7 Floor.7W-12(Vacant),437,,,07a8840e-239a-4bab-a924-8d4a211c66f9,11/26/2025 10:15:17,7W-12(Vacant),30,,9,3
,,PARQ.PARQ.OW7F.7W-13,07a8840e-239a-4bab-a924-8d4a211c66f9,02/19/2025 13:49:52,,,,PARQ.Office West Wing.7 Floor.7W-13(Vacant),438,,,07a8840e-239a-4bab-a924-8d4a211c66f9,11/26/2025 10:15:17,7W-13(Vacant),30,,9,3
,,PARQ.PARQ.OW7F.7W-14,07a8840e-239a-4bab-a924-8d4a211c66f9,02/19/2025 13:49:52,,,,PARQ.Office West Wing.7 Floor.7W-14(OveArup),439,,,07a8840e-239a-4bab-a924-8d4a211c66f9,11/26/2025 10:15:17,7W-14(OveArup),30,,9,3
,,PARQ.PARQ.OW7F.7W-15,07a8840e-239a-4bab-a924-8d4a211c66f9,02/19/2025 13:49:52,,,,PARQ.Office West Wing.7 Floor.7W-15(OveArup),440,,,07a8840e-239a-4bab-a924-8d4a211c66f9,11/26/2025 10:15:17,7W-15(OveArup),30,,9,3
,,PARQ.PARQ.OW7F.7W-16,07a8840e-239a-4bab-a924-8d4a211c66f9,02/19/2025 13:49:52,,,,PARQ.Office West Wing.7 Floor.7W-16(OveArup),441,,,07a8840e-239a-4bab-a924-8d4a211c66f9,11/26/2025 10:15:17,7W-16(OveArup),30,,9,3
,,"PARQ.PARQ.OE7F.AHURoom(No.1,4)",07a8840e-239a-4bab-a924-8d4a211c66f9,02/19/2025 13:49:52,,,,"PARQ.Office East Wing.7 Floor.AHU Room(No.1,4)",442,,,07a8840e-239a-4bab-a924-8d4a211c66f9,11/26/2025 10:15:17,"AHU Room(No.1,4)",47,,10,3
,,"PARQ.PARQ.OE7F.AHURoom(No.2,3)",07a8840e-239a-4bab-a924-8d4a211c66f9,02/19/2025 13:49:52,,,,"PARQ.Office East Wing.7 Floor.AHU Room(No.2,3)",443,,,07a8840e-239a-4bab-a924-8d4a211c66f9,11/26/2025 10:15:17,"AHU Room(No.2,3)",47,,10,3
,,PARQ.PARQ.OE7F.EERoom(Square),07a8840e-239a-4bab-a924-8d4a211c66f9,02/19/2025 13:49:52,,,,PARQ.Office East Wing.7 Floor.EE Room(Square),444,,,07a8840e-239a-4bab-a924-8d4a211c66f9,11/26/2025 10:15:17,EE Room(Square),47,,10,3
,,PARQ.PARQ.OE7F.EERoom(Triangle),07a8840e-239a-4bab-a924-8d4a211c66f9,02/19/2025 13:49:52,,,,PARQ.Office East Wing.7 Floor.EE Room(Triangle),445,,,07a8840e-239a-4bab-a924-8d4a211c66f9,11/26/2025 10:15:17,EE Room(Triangle),47,,10,3
,,PARQ.PARQ.OE7F.ICTRoom,07a8840e-239a-4bab-a924-8d4a211c66f9,02/19/2025 13:49:52,,,,PARQ.Office East Wing.7 Floor.ICT Room,446,,,07a8840e-239a-4bab-a924-8d4a211c66f9,11/26/2025 10:15:17,ICT Room,47,,10,3
,,PARQ.PARQ.OE7F.WomenToilet(Big),07a8840e-239a-4bab-a924-8d4a211c66f9,02/19/2025 13:49:52,,,,PARQ.Office East Wing.7 Floor.Women Toilet(Big),447,,,07a8840e-239a-4bab-a924-8d4a211c66f9,11/26/2025 10:15:17,Women Toilet(Big),47,,10,3
,,PARQ.PARQ.OE7F.WomenToilet(Small),07a8840e-239a-4bab-a924-8d4a211c66f9,02/19/2025 13:49:52,,,,PARQ.Office East Wing.7 Floor.Women Toilet(Small),448,,,07a8840e-239a-4bab-a924-8d4a211c66f9,11/26/2025 10:15:17,Women Toilet(Small),47,,10,3
,,PARQ.PARQ.OE7F.MenToilet,07a8840e-239a-4bab-a924-8d4a211c66f9,02/19/2025 13:49:52,,,,PARQ.Office East Wing.7 Floor.Men Toilet,449,,,07a8840e-239a-4bab-a924-8d4a211c66f9,11/26/2025 10:15:17,Men Toilet,47,,10,3
,,PARQ.PARQ.OE7F.AccessibleToilet,07a8840e-239a-4bab-a924-8d4a211c66f9,02/19/2025 13:49:52,,,,PARQ.Office East Wing.7 Floor.Accessible Toilet,450,,,07a8840e-239a-4bab-a924-8d4a211c66f9,11/26/2025 10:15:17,Accessible Toilet,47,,10,3
,,PARQ.PARQ.OE7F.ChangingRoom,07a8840e-239a-4bab-a924-8d4a211c66f9,02/19/2025 13:49:52,,,,PARQ.Office East Wing.7 Floor.Changing Room,451,,,07a8840e-239a-4bab-a924-8d4a211c66f9,11/26/2025 10:15:17,Changing Room,47,,10,3
,,PARQ.PARQ.OE7F.Pantry,07a8840e-239a-4bab-a924-8d4a211c66f9,02/19/2025 13:49:52,,,,PARQ.Office East Wing.7 Floor.Pantry,452,,,07a8840e-239a-4bab-a924-8d4a211c66f9,11/26/2025 10:15:17,Pantry,47,,10,3
,,PARQ.PARQ.OE7F.7E-01,07a8840e-239a-4bab-a924-8d4a211c66f9,02/19/2025 13:49:52,,,,PARQ.Office East Wing.7 Floor.7E-01(WeWork),453,,,07a8840e-239a-4bab-a924-8d4a211c66f9,11/26/2025 10:15:17,7E-01(WeWork),47,,10,3
,,PARQ.PARQ.OE7F.7E-02,07a8840e-239a-4bab-a924-8d4a211c66f9,02/19/2025 13:49:52,,,,PARQ.Office East Wing.7 Floor.7E-02(WeWork),454,,,07a8840e-239a-4bab-a924-8d4a211c66f9,11/26/2025 10:15:17,7E-02(WeWork),47,,10,3
,,PARQ.PARQ.OE7F.7E-03,07a8840e-239a-4bab-a924-8d4a211c66f9,02/19/2025 13:49:52,,,,PARQ.Office East Wing.7 Floor.7E-03(WeWork),455,,,07a8840e-239a-4bab-a924-8d4a211c66f9,11/26/2025 10:15:17,7E-03(WeWork),47,,10,3
,,PARQ.PARQ.OE7F.7E-04,07a8840e-239a-4bab-a924-8d4a211c66f9,02/19/2025 13:49:52,,,,PARQ.Office East Wing.7 Floor.7E-04(WeWork),456,,,07a8840e-239a-4bab-a924-8d4a211c66f9,11/26/2025 10:15:17,7E-04(WeWork),47,,10,3
,,PARQ.PARQ.OE7F.7E-05,07a8840e-239a-4bab-a924-8d4a211c66f9,02/19/2025 13:49:52,,,,PARQ.Office East Wing.7 Floor.7E-05(WeWork),457,,,07a8840e-239a-4bab-a924-8d4a211c66f9,11/26/2025 10:15:17,7E-05(WeWork),47,,10,3
,,PARQ.PARQ.OE7F.7E-06,07a8840e-239a-4bab-a924-8d4a211c66f9,02/19/2025 13:49:52,,,,PARQ.Office East Wing.7 Floor.7E-06(WeWork),458,,,07a8840e-239a-4bab-a924-8d4a211c66f9,11/26/2025 10:15:17,7E-06(WeWork),47,,10,3
,,PARQ.PARQ.OE7F.7E-07,07a8840e-239a-4bab-a924-8d4a211c66f9,02/19/2025 13:49:52,,,,PARQ.Office East Wing.7 Floor.7E-07(WeWork),459,,,07a8840e-239a-4bab-a924-8d4a211c66f9,11/26/2025 10:15:17,7E-07(WeWork),47,,10,3
,,PARQ.PARQ.OE7F.7E-08,07a8840e-239a-4bab-a924-8d4a211c66f9,02/19/2025 13:49:52,,,,PARQ.Office East Wing.7 Floor.7E-08(WeWork),460,,,07a8840e-239a-4bab-a924-8d4a211c66f9,11/26/2025 10:15:17,7E-08(WeWork),47,,10,3
,,PARQ.PARQ.OE7F.7E-09,07a8840e-239a-4bab-a924-8d4a211c66f9,02/19/2025 13:49:52,,,,PARQ.Office East Wing.7 Floor.7E-09(WeWork),461,,,07a8840e-239a-4bab-a924-8d4a211c66f9,11/26/2025 10:15:17,7E-09(WeWork),47,,10,3
,,PARQ.PARQ.OE7F.7E-10,07a8840e-239a-4bab-a924-8d4a211c66f9,02/19/2025 13:49:52,,,,PARQ.Office East Wing.7 Floor.7E-10(WeWork),462,,,07a8840e-239a-4bab-a924-8d4a211c66f9,11/26/2025 10:15:17,7E-10(WeWork),47,,10,3
,,PARQ.PARQ.OE7F.7E-11,07a8840e-239a-4bab-a924-8d4a211c66f9,02/19/2025 13:49:52,,,,PARQ.Office East Wing.7 Floor.7E-11(WeWork),463,,,07a8840e-239a-4bab-a924-8d4a211c66f9,11/26/2025 10:15:17,7E-11(WeWork),47,,10,3
,,PARQ.PARQ.OE7F.7E-12,07a8840e-239a-4bab-a924-8d4a211c66f9,02/19/2025 13:49:52,,,,PARQ.Office East Wing.7 Floor.7E-12(WeWork),464,,,07a8840e-239a-4bab-a924-8d4a211c66f9,11/26/2025 10:15:17,7E-12(WeWork),47,,10,3
,,PARQ.PARQ.OE7F.7E-13,07a8840e-239a-4bab-a924-8d4a211c66f9,02/19/2025 13:49:52,,,,PARQ.Office East Wing.7 Floor.7E-13(WeWork),465,,,07a8840e-239a-4bab-a924-8d4a211c66f9,11/26/2025 10:15:17,7E-13(WeWork),47,,10,3
,,PARQ.PARQ.OE7F.7E-14,07a8840e-239a-4bab-a924-8d4a211c66f9,02/19/2025 13:49:52,,,,PARQ.Office East Wing.7 Floor.7E-14(WeWork),466,,,07a8840e-239a-4bab-a924-8d4a211c66f9,11/26/2025 10:15:17,7E-14(WeWork),47,,10,3
,,PARQ.PARQ.OE7F.7E-15,07a8840e-239a-4bab-a924-8d4a211c66f9,02/19/2025 13:49:52,,,,PARQ.Office East Wing.7 Floor.7E-15(WeWork),467,,,07a8840e-239a-4bab-a924-8d4a211c66f9,11/26/2025 10:15:17,7E-15(WeWork),47,,10,3
,,PARQ.PARQ.OE7F.7E-16,07a8840e-239a-4bab-a924-8d4a211c66f9,02/19/2025 13:49:52,,,,PARQ.Office East Wing.7 Floor.7E-16(WeWork),468,,,07a8840e-239a-4bab-a924-8d4a211c66f9,11/26/2025 10:15:17,7E-16(WeWork),47,,10,3
,,"PARQ.PARQ.OW8F.AHURoom(No.1,4)",07a8840e-239a-4bab-a924-8d4a211c66f9,02/19/2025 13:49:53,,,,"PARQ.Office West Wing.8 Floor.AHU Room(No.1,4)",469,,,07a8840e-239a-4bab-a924-8d4a211c66f9,11/26/2025 10:15:17,"AHU Room(No.1,4)",31,,9,3
,,"PARQ.PARQ.OW8F.AHURoom(No.2,3)",07a8840e-239a-4bab-a924-8d4a211c66f9,02/19/2025 13:49:53,,,,"PARQ.Office West Wing.8 Floor.AHU Room(No.2,3)",470,,,07a8840e-239a-4bab-a924-8d4a211c66f9,11/26/2025 10:15:17,"AHU Room(No.2,3)",31,,9,3
,,PARQ.PARQ.OW8F.EERoom1(Square),07a8840e-239a-4bab-a924-8d4a211c66f9,02/19/2025 13:49:53,,,,PARQ.Office West Wing.8 Floor.EE Room(Square),471,,,07a8840e-239a-4bab-a924-8d4a211c66f9,11/26/2025 10:15:17,EE Room(Square),31,,9,3
,,PARQ.PARQ.OW8F.EERoom(Triangle),07a8840e-239a-4bab-a924-8d4a211c66f9,02/19/2025 13:49:53,,,,PARQ.Office West Wing.8 Floor.EE Room(Triangle),472,,,07a8840e-239a-4bab-a924-8d4a211c66f9,11/26/2025 10:15:17,EE Room(Triangle),31,,9,3
,,PARQ.PARQ.OW8F.ICTRoom,07a8840e-239a-4bab-a924-8d4a211c66f9,02/19/2025 13:49:53,,,,PARQ.Office West Wing.8 Floor.ICT Room,473,,,07a8840e-239a-4bab-a924-8d4a211c66f9,11/26/2025 10:15:17,ICT Room,31,,9,3
,,PARQ.PARQ.OW8F.WomenToilet(Big),07a8840e-239a-4bab-a924-8d4a211c66f9,02/19/2025 13:49:53,,,,PARQ.Office West Wing.8 Floor.Women Toilet(Big),474,,,07a8840e-239a-4bab-a924-8d4a211c66f9,11/26/2025 10:15:17,Women Toilet(Big),31,,9,3
,,PARQ.PARQ.OW8F.WomenToilet(Small),07a8840e-239a-4bab-a924-8d4a211c66f9,02/19/2025 13:49:53,,,,PARQ.Office West Wing.8 Floor.Women Toilet(Small),475,,,07a8840e-239a-4bab-a924-8d4a211c66f9,11/26/2025 10:15:17,Women Toilet(Small),31,,9,3
,,PARQ.PARQ.OW8F.MenToilet,07a8840e-239a-4bab-a924-8d4a211c66f9,02/19/2025 13:49:53,,,,PARQ.Office West Wing.8 Floor.Men Toilet,476,,,07a8840e-239a-4bab-a924-8d4a211c66f9,11/26/2025 10:15:17,Men Toilet,31,,9,3
,,PARQ.PARQ.OW8F.AccessibleToilet,07a8840e-239a-4bab-a924-8d4a211c66f9,02/19/2025 13:49:53,,,,PARQ.Office West Wing.8 Floor.Accessible Toilet,477,,,07a8840e-239a-4bab-a924-8d4a211c66f9,11/26/2025 10:15:17,Accessible Toilet,31,,9,3
,,PARQ.PARQ.OW8F.ChangingRoom,07a8840e-239a-4bab-a924-8d4a211c66f9,02/19/2025 13:49:53,,,,PARQ.Office West Wing.8 Floor.Changing Room,478,,,07a8840e-239a-4bab-a924-8d4a211c66f9,11/26/2025 10:15:17,Changing Room,31,,9,3
,,PARQ.PARQ.OW8F.Pantry,07a8840e-239a-4bab-a924-8d4a211c66f9,02/19/2025 13:49:53,,,,PARQ.Office West Wing.8 Floor.Pantry,479,,,07a8840e-239a-4bab-a924-8d4a211c66f9,11/26/2025 10:15:17,Pantry,31,,9,3
,,PARQ.PARQ.OW8F.8W-01,07a8840e-239a-4bab-a924-8d4a211c66f9,02/19/2025 13:49:53,,,,PARQ.Office West Wing.8 Floor.8W-01,480,,,07a8840e-239a-4bab-a924-8d4a211c66f9,11/26/2025 10:15:17,8W-01,31,,9,3
,,PARQ.PARQ.OW8F.8W-02,07a8840e-239a-4bab-a924-8d4a211c66f9,02/19/2025 13:49:53,,,,PARQ.Office West Wing.8 Floor.8W-02,481,,,07a8840e-239a-4bab-a924-8d4a211c66f9,11/26/2025 10:15:17,8W-02,31,,9,3
,,PARQ.PARQ.OW8F.8W-03,07a8840e-239a-4bab-a924-8d4a211c66f9,02/19/2025 13:49:53,,,,PARQ.Office West Wing.8 Floor.8W-03,482,,,07a8840e-239a-4bab-a924-8d4a211c66f9,11/26/2025 10:15:17,8W-03,31,,9,3
,,PARQ.PARQ.OW8F.8W-04,07a8840e-239a-4bab-a924-8d4a211c66f9,02/19/2025 13:49:53,,,,PARQ.Office West Wing.8 Floor.8W-04,483,,,07a8840e-239a-4bab-a924-8d4a211c66f9,11/26/2025 10:15:17,8W-04,31,,9,3
,,PARQ.PARQ.OW8F.8W-05,07a8840e-239a-4bab-a924-8d4a211c66f9,02/19/2025 13:49:53,,,,PARQ.Office West Wing.8 Floor.8W-05,484,,,07a8840e-239a-4bab-a924-8d4a211c66f9,11/26/2025 10:15:17,8W-05,31,,9,3
,,PARQ.PARQ.OW8F.8W-06,07a8840e-239a-4bab-a924-8d4a211c66f9,02/19/2025 13:49:53,,,,PARQ.Office West Wing.8 Floor.8W-06,485,,,07a8840e-239a-4bab-a924-8d4a211c66f9,11/26/2025 10:15:17,8W-06,31,,9,3
,,PARQ.PARQ.OW8F.8W-07,07a8840e-239a-4bab-a924-8d4a211c66f9,02/19/2025 13:49:53,,,,PARQ.Office West Wing.8 Floor.8W-07,486,,,07a8840e-239a-4bab-a924-8d4a211c66f9,11/26/2025 10:15:17,8W-07,31,,9,3
,,PARQ.PARQ.OW8F.8W-08,07a8840e-239a-4bab-a924-8d4a211c66f9,02/19/2025 13:49:53,,,,PARQ.Office West Wing.8 Floor.8W-08,487,,,07a8840e-239a-4bab-a924-8d4a211c66f9,11/26/2025 10:15:17,8W-08,31,,9,3
,,PARQ.PARQ.OW8F.8W-09,07a8840e-239a-4bab-a924-8d4a211c66f9,02/19/2025 13:49:53,,,,PARQ.Office West Wing.8 Floor.8W-09,488,,,07a8840e-239a-4bab-a924-8d4a211c66f9,11/26/2025 10:15:17,8W-09,31,,9,3
,,PARQ.PARQ.OW8F.8W-10,07a8840e-239a-4bab-a924-8d4a211c66f9,02/19/2025 13:49:53,,,,PARQ.Office West Wing.8 Floor.8W-10,489,,,07a8840e-239a-4bab-a924-8d4a211c66f9,11/26/2025 10:15:17,8W-10,31,,9,3
,,PARQ.PARQ.OW8F.8W-11,07a8840e-239a-4bab-a924-8d4a211c66f9,02/19/2025 13:49:53,,,,PARQ.Office West Wing.8 Floor.8W-11,490,,,07a8840e-239a-4bab-a924-8d4a211c66f9,11/26/2025 10:15:17,8W-11,31,,9,3
,,PARQ.PARQ.OW8F.8W-12,07a8840e-239a-4bab-a924-8d4a211c66f9,02/19/2025 13:49:53,,,,PARQ.Office West Wing.8 Floor.8W-12,491,,,07a8840e-239a-4bab-a924-8d4a211c66f9,11/26/2025 10:15:17,8W-12,31,,9,3
,,PARQ.PARQ.OW8F.8W-13,07a8840e-239a-4bab-a924-8d4a211c66f9,02/19/2025 13:49:53,,,,PARQ.Office West Wing.8 Floor.8W-13,492,,,07a8840e-239a-4bab-a924-8d4a211c66f9,11/26/2025 10:15:17,8W-13,31,,9,3
,,PARQ.PARQ.OW8F.8W-14,07a8840e-239a-4bab-a924-8d4a211c66f9,02/19/2025 13:49:53,,,,PARQ.Office West Wing.8 Floor.8W-14,493,,,07a8840e-239a-4bab-a924-8d4a211c66f9,11/26/2025 10:15:17,8W-14,31,,9,3
,,PARQ.PARQ.OW8F.8W-15,07a8840e-239a-4bab-a924-8d4a211c66f9,02/19/2025 13:49:53,,,,PARQ.Office West Wing.8 Floor.8W-15,494,,,07a8840e-239a-4bab-a924-8d4a211c66f9,11/26/2025 10:15:17,8W-15,31,,9,3
,,PARQ.PARQ.OW8F.8W-16,07a8840e-239a-4bab-a924-8d4a211c66f9,02/19/2025 13:49:53,,,,PARQ.Office West Wing.8 Floor.8W-16,495,,,07a8840e-239a-4bab-a924-8d4a211c66f9,11/26/2025 10:15:17,8W-16,31,,9,3
,,"PARQ.PARQ.OE8F.AHURoom(No.1,4)",07a8840e-239a-4bab-a924-8d4a211c66f9,02/19/2025 13:49:53,,,,"PARQ.Office East Wing.8 Floor.AHU Room(No.1,4)",496,,,07a8840e-239a-4bab-a924-8d4a211c66f9,11/26/2025 10:15:17,"AHU Room(No.1,4)",48,,10,3
,,"PARQ.PARQ.OE8F.AHURoom(No.2,3)",07a8840e-239a-4bab-a924-8d4a211c66f9,02/19/2025 13:49:53,,,,"PARQ.Office East Wing.8 Floor.AHU Room(No.2,3)",497,,,07a8840e-239a-4bab-a924-8d4a211c66f9,11/26/2025 10:15:17,"AHU Room(No.2,3)",48,,10,3
,,PARQ.PARQ.OE8F.EERoom(Square),07a8840e-239a-4bab-a924-8d4a211c66f9,02/19/2025 13:49:53,,,,PARQ.Office East Wing.8 Floor.EE Room(Square),498,,,07a8840e-239a-4bab-a924-8d4a211c66f9,11/26/2025 10:15:17,EE Room(Square),48,,10,3
,,PARQ.PARQ.OE8F.EERoom(Triangle),07a8840e-239a-4bab-a924-8d4a211c66f9,02/19/2025 13:49:53,,,,PARQ.Office East Wing.8 Floor.EE Room(Triangle),499,,,07a8840e-239a-4bab-a924-8d4a211c66f9,11/26/2025 10:15:17,EE Room(Triangle),48,,10,3
,,PARQ.PARQ.OE8F.ICTRoom,07a8840e-239a-4bab-a924-8d4a211c66f9,02/19/2025 13:49:53,,,,PARQ.Office East Wing.8 Floor.ICT Room,500,,,07a8840e-239a-4bab-a924-8d4a211c66f9,11/26/2025 10:15:17,ICT Room,48,,10,3
,,PARQ.PARQ.OE8F.WomenToilet(Big),07a8840e-239a-4bab-a924-8d4a211c66f9,02/19/2025 13:49:53,,,,PARQ.Office East Wing.8 Floor.Women Toilet(Big),501,,,07a8840e-239a-4bab-a924-8d4a211c66f9,11/26/2025 10:15:17,Women Toilet(Big),48,,10,3
,,PARQ.PARQ.OE8F.WomenToilet(Small),07a8840e-239a-4bab-a924-8d4a211c66f9,02/19/2025 13:49:53,,,,PARQ.Office East Wing.8 Floor.Women Toilet(Small),502,,,07a8840e-239a-4bab-a924-8d4a211c66f9,11/26/2025 10:15:17,Women Toilet(Small),48,,10,3
,,PARQ.PARQ.OE8F.MenToilet,07a8840e-239a-4bab-a924-8d4a211c66f9,02/19/2025 13:49:53,,,,PARQ.Office East Wing.8 Floor.Men Toilet,503,,,07a8840e-239a-4bab-a924-8d4a211c66f9,11/26/2025 10:15:17,Men Toilet,48,,10,3
,,PARQ.PARQ.OE8F.AccessibleToilet,07a8840e-239a-4bab-a924-8d4a211c66f9,02/19/2025 13:49:53,,,,PARQ.Office East Wing.8 Floor.Accessible Toilet,504,,,07a8840e-239a-4bab-a924-8d4a211c66f9,11/26/2025 10:15:17,Accessible Toilet,48,,10,3
,,PARQ.PARQ.OE8F.ChangingRoom,07a8840e-239a-4bab-a924-8d4a211c66f9,02/19/2025 13:49:53,,,,PARQ.Office East Wing.8 Floor.Changing Room,505,,,07a8840e-239a-4bab-a924-8d4a211c66f9,11/26/2025 10:15:17,Changing Room,48,,10,3
,,PARQ.PARQ.OE8F.Pantry,07a8840e-239a-4bab-a924-8d4a211c66f9,02/19/2025 13:49:53,,,,PARQ.Office East Wing.8 Floor.Pantry,506,,,07a8840e-239a-4bab-a924-8d4a211c66f9,11/26/2025 10:15:17,Pantry,48,,10,3
,,PARQ.PARQ.OE8F.8W-01,07a8840e-239a-4bab-a924-8d4a211c66f9,02/19/2025 13:49:53,,,,PARQ.Office East Wing.8 Floor.8W-01(F&N),507,,,07a8840e-239a-4bab-a924-8d4a211c66f9,11/26/2025 10:15:17,8W-01(F&N),48,,10,3
,,PARQ.PARQ.OE8F.8W-02,07a8840e-239a-4bab-a924-8d4a211c66f9,02/19/2025 13:49:53,,,,PARQ.Office East Wing.8 Floor.8W-02(F&N),508,,,07a8840e-239a-4bab-a924-8d4a211c66f9,11/26/2025 10:15:17,8W-02(F&N),48,,10,3
,,PARQ.PARQ.OE8F.8W-03,07a8840e-239a-4bab-a924-8d4a211c66f9,02/19/2025 13:49:53,,,,PARQ.Office East Wing.8 Floor.8W-03(F&N),509,,,07a8840e-239a-4bab-a924-8d4a211c66f9,11/26/2025 10:15:17,8W-03(F&N),48,,10,3
,,PARQ.PARQ.OE8F.8W-04,07a8840e-239a-4bab-a924-8d4a211c66f9,02/19/2025 13:49:53,,,,PARQ.Office East Wing.8 Floor.8W-04(F&N),510,,,07a8840e-239a-4bab-a924-8d4a211c66f9,11/26/2025 10:15:17,8W-04(F&N),48,,10,3
,,PARQ.PARQ.OE8F.8W-05,07a8840e-239a-4bab-a924-8d4a211c66f9,02/19/2025 13:49:53,,,,PARQ.Office East Wing.8 Floor.8W-05(F&N),511,,,07a8840e-239a-4bab-a924-8d4a211c66f9,11/26/2025 10:15:17,8W-05(F&N),48,,10,3
,,PARQ.PARQ.OE8F.8W-06,07a8840e-239a-4bab-a924-8d4a211c66f9,02/19/2025 13:49:53,,,,PARQ.Office East Wing.8 Floor.8W-06(F&N),512,,,07a8840e-239a-4bab-a924-8d4a211c66f9,11/26/2025 10:15:17,8W-06(F&N),48,,10,3
,,PARQ.PARQ.OE8F.8W-07,07a8840e-239a-4bab-a924-8d4a211c66f9,02/19/2025 13:49:53,,,,PARQ.Office East Wing.8 Floor.8W-07(F&N),513,,,07a8840e-239a-4bab-a924-8d4a211c66f9,11/26/2025 10:15:17,8W-07(F&N),48,,10,3
,,PARQ.PARQ.OE8F.8W-08,07a8840e-239a-4bab-a924-8d4a211c66f9,02/19/2025 13:49:53,,,,PARQ.Office East Wing.8 Floor.8W-08(F&N),514,,,07a8840e-239a-4bab-a924-8d4a211c66f9,11/26/2025 10:15:17,8W-08(F&N),48,,10,3
,,PARQ.PARQ.OE8F.8W-09,07a8840e-239a-4bab-a924-8d4a211c66f9,02/19/2025 13:49:53,,,,PARQ.Office East Wing.8 Floor.8W-09(Terumo),515,,,07a8840e-239a-4bab-a924-8d4a211c66f9,11/26/2025 10:15:17,8W-09(Terumo),48,,10,3
,,PARQ.PARQ.OE8F.8W-10,07a8840e-239a-4bab-a924-8d4a211c66f9,02/19/2025 13:49:53,,,,PARQ.Office East Wing.8 Floor.8W-10(Terumo),516,,,07a8840e-239a-4bab-a924-8d4a211c66f9,11/26/2025 10:15:17,8W-10(Terumo),48,,10,3
,,PARQ.PARQ.OE8F.8W-11,07a8840e-239a-4bab-a924-8d4a211c66f9,02/19/2025 13:49:53,,,,PARQ.Office East Wing.8 Floor.8W-11(Terumo),517,,,07a8840e-239a-4bab-a924-8d4a211c66f9,11/26/2025 10:15:17,8W-11(Terumo),48,,10,3
,,PARQ.PARQ.OE8F.8W-12,07a8840e-239a-4bab-a924-8d4a211c66f9,02/19/2025 13:49:53,,,,PARQ.Office East Wing.8 Floor.8W-12(Terumo),518,,,07a8840e-239a-4bab-a924-8d4a211c66f9,11/26/2025 10:15:17,8W-12(Terumo),48,,10,3
,,PARQ.PARQ.OE8F.8W-13,07a8840e-239a-4bab-a924-8d4a211c66f9,02/19/2025 13:49:53,,,,PARQ.Office East Wing.8 Floor.8W-13(Terumo),519,,,07a8840e-239a-4bab-a924-8d4a211c66f9,11/26/2025 10:15:17,8W-13(Terumo),48,,10,3
,,PARQ.PARQ.OE8F.8W-14,07a8840e-239a-4bab-a924-8d4a211c66f9,02/19/2025 13:49:53,,,,PARQ.Office East Wing.8 Floor.8W-14(Terumo),520,,,07a8840e-239a-4bab-a924-8d4a211c66f9,11/26/2025 10:15:17,8W-14(Terumo),48,,10,3
,,PARQ.PARQ.OE8F.8W-15,07a8840e-239a-4bab-a924-8d4a211c66f9,02/19/2025 13:49:53,,,,PARQ.Office East Wing.8 Floor.8W-15(Terumo),521,,,07a8840e-239a-4bab-a924-8d4a211c66f9,11/26/2025 10:15:17,8W-15(Terumo),48,,10,3
,,PARQ.PARQ.OE8F.8W-16,07a8840e-239a-4bab-a924-8d4a211c66f9,02/19/2025 13:49:53,,,,PARQ.Office East Wing.8 Floor.8W-16(Terumo),522,,,07a8840e-239a-4bab-a924-8d4a211c66f9,11/26/2025 10:15:17,8W-16(Terumo),48,,10,3
,,"PARQ.PARQ.OW9F.AHURoom(No.1,4)",07a8840e-239a-4bab-a924-8d4a211c66f9,02/19/2025 13:49:53,,,,"PARQ.Office West Wing.9 Floor.AHU Room(No.1,4)",523,,,07a8840e-239a-4bab-a924-8d4a211c66f9,11/26/2025 10:15:17,"AHU Room(No.1,4)",32,,9,3
,,"PARQ.PARQ.OW9F.AHURoom(No.2,3)",07a8840e-239a-4bab-a924-8d4a211c66f9,02/19/2025 13:49:54,,,,"PARQ.Office West Wing.9 Floor.AHU Room(No.2,3)",524,,,07a8840e-239a-4bab-a924-8d4a211c66f9,11/26/2025 10:15:17,"AHU Room(No.2,3)",32,,9,3
,,PARQ.PARQ.OW9F.EERoom(Square),07a8840e-239a-4bab-a924-8d4a211c66f9,02/19/2025 13:49:54,,,,PARQ.Office West Wing.9 Floor.EE Room(Square),525,,,07a8840e-239a-4bab-a924-8d4a211c66f9,11/26/2025 10:15:17,EE Room(Square),32,,9,3
,,PARQ.PARQ.OW9F.EERoom(Triangle),07a8840e-239a-4bab-a924-8d4a211c66f9,02/19/2025 13:49:54,,,,PARQ.Office West Wing.9 Floor.EE Room(Triangle),526,,,07a8840e-239a-4bab-a924-8d4a211c66f9,11/26/2025 10:15:17,EE Room(Triangle),32,,9,3
,,PARQ.PARQ.OW9F.ICTRoom,07a8840e-239a-4bab-a924-8d4a211c66f9,02/19/2025 13:49:54,,,,PARQ.Office West Wing.9 Floor.ICT Room,527,,,07a8840e-239a-4bab-a924-8d4a211c66f9,11/26/2025 10:15:17,ICT Room,32,,9,3
,,PARQ.PARQ.OW9F.WomenToilet(Big),07a8840e-239a-4bab-a924-8d4a211c66f9,02/19/2025 13:49:54,,,,PARQ.Office West Wing.9 Floor.Women Toilet(Big),528,,,07a8840e-239a-4bab-a924-8d4a211c66f9,11/26/2025 10:15:17,Women Toilet(Big),32,,9,3
,,PARQ.PARQ.OW9F.WomenToilet(Small),07a8840e-239a-4bab-a924-8d4a211c66f9,02/19/2025 13:49:54,,,,PARQ.Office West Wing.9 Floor.Women Toilet(Small),529,,,07a8840e-239a-4bab-a924-8d4a211c66f9,11/26/2025 10:15:17,Women Toilet(Small),32,,9,3
,,PARQ.PARQ.OW9F.MenToilet,07a8840e-239a-4bab-a924-8d4a211c66f9,02/19/2025 13:49:54,,,,PARQ.Office West Wing.9 Floor.Men Toilet,530,,,07a8840e-239a-4bab-a924-8d4a211c66f9,11/26/2025 10:15:17,Men Toilet,32,,9,3
,,PARQ.PARQ.OW9F.AccessibleToilet,07a8840e-239a-4bab-a924-8d4a211c66f9,02/19/2025 13:49:54,,,,PARQ.Office West Wing.9 Floor.Accessible Toilet,531,,,07a8840e-239a-4bab-a924-8d4a211c66f9,11/26/2025 10:15:17,Accessible Toilet,32,,9,3
,,PARQ.PARQ.OW9F.ChangingRoom,07a8840e-239a-4bab-a924-8d4a211c66f9,02/19/2025 13:49:54,,,,PARQ.Office West Wing.9 Floor.Changing Room,532,,,07a8840e-239a-4bab-a924-8d4a211c66f9,11/26/2025 10:15:17,Changing Room,32,,9,3
,,PARQ.PARQ.OW9F.Pantry,07a8840e-239a-4bab-a924-8d4a211c66f9,02/19/2025 13:49:54,,,,PARQ.Office West Wing.9 Floor.Pantry,533,,,07a8840e-239a-4bab-a924-8d4a211c66f9,11/26/2025 10:15:17,Pantry,32,,9,3
,,PARQ.PARQ.OW9F.9W-01,07a8840e-239a-4bab-a924-8d4a211c66f9,02/19/2025 13:49:54,,,,PARQ.Office West Wing.9 Floor.9W-01(Arise),534,,,07a8840e-239a-4bab-a924-8d4a211c66f9,11/26/2025 10:15:17,9W-01(Arise),32,,9,3
,,PARQ.PARQ.OW9F.9W-02,07a8840e-239a-4bab-a924-8d4a211c66f9,02/19/2025 13:49:54,,,,PARQ.Office West Wing.9 Floor.9W-02(Arise),535,,,07a8840e-239a-4bab-a924-8d4a211c66f9,11/26/2025 10:15:17,9W-02(Arise),32,,9,3
,,PARQ.PARQ.OW9F.9W-03,07a8840e-239a-4bab-a924-8d4a211c66f9,02/19/2025 13:49:54,,,,PARQ.Office West Wing.9 Floor.9W-03(Arise),536,,,07a8840e-239a-4bab-a924-8d4a211c66f9,11/26/2025 10:15:17,9W-03(Arise),32,,9,3
,,PARQ.PARQ.OW9F.9W-04,07a8840e-239a-4bab-a924-8d4a211c66f9,02/19/2025 13:49:54,,,,PARQ.Office West Wing.9 Floor.9W-04(Arise),537,,,07a8840e-239a-4bab-a924-8d4a211c66f9,11/26/2025 10:15:17,9W-04(Arise),32,,9,3
,,PARQ.PARQ.OW9F.9W-05,07a8840e-239a-4bab-a924-8d4a211c66f9,02/19/2025 13:49:54,,,,PARQ.Office West Wing.9 Floor.9W-05(Arise),538,,,07a8840e-239a-4bab-a924-8d4a211c66f9,11/26/2025 10:15:17,9W-05(Arise),32,,9,3
,,PARQ.PARQ.OW9F.9W-06,07a8840e-239a-4bab-a924-8d4a211c66f9,02/19/2025 13:49:54,,,,PARQ.Office West Wing.9 Floor.9W-06(Arise),539,,,07a8840e-239a-4bab-a924-8d4a211c66f9,11/26/2025 10:15:17,9W-06(Arise),32,,9,3
,,PARQ.PARQ.OW9F.9W-07,07a8840e-239a-4bab-a924-8d4a211c66f9,02/19/2025 13:49:54,,,,PARQ.Office West Wing.9 Floor.9W-07(Accenture),540,,,07a8840e-239a-4bab-a924-8d4a211c66f9,11/26/2025 10:15:17,9W-07(Accenture),32,,9,3
,,PARQ.PARQ.OW9F.9W-08,07a8840e-239a-4bab-a924-8d4a211c66f9,02/19/2025 13:49:54,,,,PARQ.Office West Wing.9 Floor.9W-08(Accenture),541,,,07a8840e-239a-4bab-a924-8d4a211c66f9,11/26/2025 10:15:17,9W-08(Accenture),32,,9,3
,,PARQ.PARQ.OW9F.9W-09,07a8840e-239a-4bab-a924-8d4a211c66f9,02/19/2025 13:49:54,,,,PARQ.Office West Wing.9 Floor.9W-09(Accenture),542,,,07a8840e-239a-4bab-a924-8d4a211c66f9,11/26/2025 10:15:17,9W-09(Accenture),32,,9,3
,,PARQ.PARQ.OW9F.9W-10,07a8840e-239a-4bab-a924-8d4a211c66f9,02/19/2025 13:49:54,,,,PARQ.Office West Wing.9 Floor.9W-10(Accenture),543,,,07a8840e-239a-4bab-a924-8d4a211c66f9,11/26/2025 10:15:17,9W-10(Accenture),32,,9,3
,,PARQ.PARQ.OW9F.9W-11,07a8840e-239a-4bab-a924-8d4a211c66f9,02/19/2025 13:49:54,,,,PARQ.Office West Wing.9 Floor.9W-11(Accenture),544,,,07a8840e-239a-4bab-a924-8d4a211c66f9,11/26/2025 10:15:17,9W-11(Accenture),32,,9,3
,,PARQ.PARQ.OW9F.9W-12,07a8840e-239a-4bab-a924-8d4a211c66f9,02/19/2025 13:49:54,,,,PARQ.Office West Wing.9 Floor.9W-12(Accenture),545,,,07a8840e-239a-4bab-a924-8d4a211c66f9,11/26/2025 10:15:17,9W-12(Accenture),32,,9,3
,,PARQ.PARQ.OW9F.9W-13,07a8840e-239a-4bab-a924-8d4a211c66f9,02/19/2025 13:49:54,,,,PARQ.Office West Wing.9 Floor.9W-13(Accenture),546,,,07a8840e-239a-4bab-a924-8d4a211c66f9,11/26/2025 10:15:17,9W-13(Accenture),32,,9,3
,,PARQ.PARQ.OW9F.9W-14,07a8840e-239a-4bab-a924-8d4a211c66f9,02/19/2025 13:49:54,,,,PARQ.Office West Wing.9 Floor.9W-14(Accenture),547,,,07a8840e-239a-4bab-a924-8d4a211c66f9,11/26/2025 10:15:17,9W-14(Accenture),32,,9,3
,,PARQ.PARQ.OW9F.9W-15,07a8840e-239a-4bab-a924-8d4a211c66f9,02/19/2025 13:49:54,,,,PARQ.Office West Wing.9 Floor.9W-15(Accenture),548,,,07a8840e-239a-4bab-a924-8d4a211c66f9,11/26/2025 10:15:17,9W-15(Accenture),32,,9,3
,,PARQ.PARQ.OW9F.9W-16,07a8840e-239a-4bab-a924-8d4a211c66f9,02/19/2025 13:49:54,,,,PARQ.Office West Wing.9 Floor.9W-16(Accenture),549,,,07a8840e-239a-4bab-a924-8d4a211c66f9,11/26/2025 10:15:17,9W-16(Accenture),32,,9,3
,,"PARQ.PARQ.OE9F.AHURoom(No.1,4)",07a8840e-239a-4bab-a924-8d4a211c66f9,02/19/2025 13:49:54,,,,"PARQ.Office East Wing.9 Floor.AHU Room(No.1,4)",550,,,07a8840e-239a-4bab-a924-8d4a211c66f9,11/26/2025 10:15:17,"AHU Room(No.1,4)",49,,10,3
,,"PARQ.PARQ.OE9F.AHURoom(No.2,3)",07a8840e-239a-4bab-a924-8d4a211c66f9,02/19/2025 13:49:54,,,,"PARQ.Office East Wing.9 Floor.AHU Room(No.2,3)",551,,,07a8840e-239a-4bab-a924-8d4a211c66f9,11/26/2025 10:15:17,"AHU Room(No.2,3)",49,,10,3
,,PARQ.PARQ.OE9F.EERoom(Square),07a8840e-239a-4bab-a924-8d4a211c66f9,02/19/2025 13:49:54,,,,PARQ.Office East Wing.9 Floor.EE Room(Square),552,,,07a8840e-239a-4bab-a924-8d4a211c66f9,11/26/2025 10:15:17,EE Room(Square),49,,10,3
,,PARQ.PARQ.OE9F.EERoom(Triangle),07a8840e-239a-4bab-a924-8d4a211c66f9,02/19/2025 13:49:54,,,,PARQ.Office East Wing.9 Floor.EE Room(Triangle),553,,,07a8840e-239a-4bab-a924-8d4a211c66f9,11/26/2025 10:15:17,EE Room(Triangle),49,,10,3
,,PARQ.PARQ.OE9F.ICTRoom,07a8840e-239a-4bab-a924-8d4a211c66f9,02/19/2025 13:49:54,,,,PARQ.Office East Wing.9 Floor.ICT Room,554,,,07a8840e-239a-4bab-a924-8d4a211c66f9,11/26/2025 10:15:17,ICT Room,49,,10,3
,,PARQ.PARQ.OE9F.WomenToilet(Big),07a8840e-239a-4bab-a924-8d4a211c66f9,02/19/2025 13:49:54,,,,PARQ.Office East Wing.9 Floor.Women Toilet(Big),555,,,07a8840e-239a-4bab-a924-8d4a211c66f9,11/26/2025 10:15:17,Women Toilet(Big),49,,10,3
,,PARQ.PARQ.OE9F.WomenToilet(Small),07a8840e-239a-4bab-a924-8d4a211c66f9,02/19/2025 13:49:54,,,,PARQ.Office East Wing.9 Floor.Women Toilet(Small),556,,,07a8840e-239a-4bab-a924-8d4a211c66f9,11/26/2025 10:15:17,Women Toilet(Small),49,,10,3
,,PARQ.PARQ.OE9F.MenToilet,07a8840e-239a-4bab-a924-8d4a211c66f9,02/19/2025 13:49:54,,,,PARQ.Office East Wing.9 Floor.Men Toilet,557,,,07a8840e-239a-4bab-a924-8d4a211c66f9,11/26/2025 10:15:17,Men Toilet,49,,10,3
,,PARQ.PARQ.OE9F.AccessibleToilet,07a8840e-239a-4bab-a924-8d4a211c66f9,02/19/2025 13:49:54,,,,PARQ.Office East Wing.9 Floor.Accessible Toilet,558,,,07a8840e-239a-4bab-a924-8d4a211c66f9,11/26/2025 10:15:17,Accessible Toilet,49,,10,3
,,PARQ.PARQ.OE9F.ChangingRoom,07a8840e-239a-4bab-a924-8d4a211c66f9,02/19/2025 13:49:54,,,,PARQ.Office East Wing.9 Floor.Changing Room,559,,,07a8840e-239a-4bab-a924-8d4a211c66f9,11/26/2025 10:15:17,Changing Room,49,,10,3
,,PARQ.PARQ.OE9F.Pantry,07a8840e-239a-4bab-a924-8d4a211c66f9,02/19/2025 13:49:54,,,,PARQ.Office East Wing.9 Floor.Pantry,560,,,07a8840e-239a-4bab-a924-8d4a211c66f9,11/26/2025 10:15:17,Pantry,49,,10,3
,,PARQ.PARQ.OE9F.9E-01,07a8840e-239a-4bab-a924-8d4a211c66f9,02/19/2025 13:49:54,,,,PARQ.Office East Wing.9 Floor.9E-01(TRB),561,,,07a8840e-239a-4bab-a924-8d4a211c66f9,11/26/2025 10:15:17,9E-01(TRB),49,,10,3
,,PARQ.PARQ.OE9F.9E-02,07a8840e-239a-4bab-a924-8d4a211c66f9,02/19/2025 13:49:54,,,,PARQ.Office East Wing.9 Floor.9E-02(TRB),562,,,07a8840e-239a-4bab-a924-8d4a211c66f9,11/26/2025 10:15:17,9E-02(TRB),49,,10,3
,,PARQ.PARQ.OE9F.9E-03,07a8840e-239a-4bab-a924-8d4a211c66f9,02/19/2025 13:49:54,,,,PARQ.Office East Wing.9 Floor.9E-03(TRB),563,,,07a8840e-239a-4bab-a924-8d4a211c66f9,11/26/2025 10:15:17,9E-03(TRB),49,,10,3
,,PARQ.PARQ.OE9F.9E-04,07a8840e-239a-4bab-a924-8d4a211c66f9,02/19/2025 13:49:54,,,,PARQ.Office East Wing.9 Floor.9E-04(TRB),564,,,07a8840e-239a-4bab-a924-8d4a211c66f9,11/26/2025 10:15:17,9E-04(TRB),49,,10,3
,,PARQ.PARQ.OE9F.9E-05,07a8840e-239a-4bab-a924-8d4a211c66f9,02/19/2025 13:49:54,,,,PARQ.Office East Wing.9 Floor.9E-05(TRB),565,,,07a8840e-239a-4bab-a924-8d4a211c66f9,11/26/2025 10:15:17,9E-05(TRB),49,,10,3
,,PARQ.PARQ.OE9F.9E-06,07a8840e-239a-4bab-a924-8d4a211c66f9,02/19/2025 13:49:54,,,,PARQ.Office East Wing.9 Floor.9E-06(TRB),566,,,07a8840e-239a-4bab-a924-8d4a211c66f9,11/26/2025 10:15:17,9E-06(TRB),49,,10,3
,,PARQ.PARQ.OE9F.9E-07,07a8840e-239a-4bab-a924-8d4a211c66f9,02/19/2025 13:49:54,,,,PARQ.Office East Wing.9 Floor.9E-07(TRB),567,,,07a8840e-239a-4bab-a924-8d4a211c66f9,11/26/2025 10:15:17,9E-07(TRB),49,,10,3
,,PARQ.PARQ.OE9F.9E-08,07a8840e-239a-4bab-a924-8d4a211c66f9,02/19/2025 13:49:54,,,,PARQ.Office East Wing.9 Floor.9E-08(TRB),568,,,07a8840e-239a-4bab-a924-8d4a211c66f9,11/26/2025 10:15:17,9E-08(TRB),49,,10,3
,,PARQ.PARQ.OE9F.9E-09,07a8840e-239a-4bab-a924-8d4a211c66f9,02/19/2025 13:49:54,,,,PARQ.Office East Wing.9 Floor.9E-09(TRB),569,,,07a8840e-239a-4bab-a924-8d4a211c66f9,11/26/2025 10:15:17,9E-09(TRB),49,,10,3
,,PARQ.PARQ.OE9F.9E-10,07a8840e-239a-4bab-a924-8d4a211c66f9,02/19/2025 13:49:55,,,,PARQ.Office East Wing.9 Floor.9E-10(TRB),570,,,07a8840e-239a-4bab-a924-8d4a211c66f9,11/26/2025 10:15:17,9E-10(TRB),49,,10,3
,,PARQ.PARQ.OE9F.9E-11,07a8840e-239a-4bab-a924-8d4a211c66f9,02/19/2025 13:49:55,,,,PARQ.Office East Wing.9 Floor.9E-11(TRB),571,,,07a8840e-239a-4bab-a924-8d4a211c66f9,11/26/2025 10:15:17,9E-11(TRB),49,,10,3
,,PARQ.PARQ.OE9F.9E-12,07a8840e-239a-4bab-a924-8d4a211c66f9,02/19/2025 13:49:55,,,,PARQ.Office East Wing.9 Floor.9E-12(TRB),572,,,07a8840e-239a-4bab-a924-8d4a211c66f9,11/26/2025 10:15:17,9E-12(TRB),49,,10,3
,,PARQ.PARQ.OE9F.9E-13,07a8840e-239a-4bab-a924-8d4a211c66f9,02/19/2025 13:49:55,,,,PARQ.Office East Wing.9 Floor.9E-13(TRB),573,,,07a8840e-239a-4bab-a924-8d4a211c66f9,11/26/2025 10:15:17,9E-13(TRB),49,,10,3
,,PARQ.PARQ.OE9F.9E-14,07a8840e-239a-4bab-a924-8d4a211c66f9,02/19/2025 13:49:55,,,,PARQ.Office East Wing.9 Floor.9E-14(TRB),574,,,07a8840e-239a-4bab-a924-8d4a211c66f9,11/26/2025 10:15:17,9E-14(TRB),49,,10,3
,,PARQ.PARQ.OE9F.9E-15,07a8840e-239a-4bab-a924-8d4a211c66f9,02/19/2025 13:49:55,,,,PARQ.Office East Wing.9 Floor.9E-15(TRB),575,,,07a8840e-239a-4bab-a924-8d4a211c66f9,11/26/2025 10:15:17,9E-15(TRB),49,,10,3
,,PARQ.PARQ.OE9F.9E-16,07a8840e-239a-4bab-a924-8d4a211c66f9,02/19/2025 13:49:55,,,,PARQ.Office East Wing.9 Floor.9E-16(TRB),576,,,07a8840e-239a-4bab-a924-8d4a211c66f9,11/26/2025 10:15:17,9E-16(TRB),49,,10,3
,,"PARQ.PARQ.OW10F.AHURoom(No.1,4)",07a8840e-239a-4bab-a924-8d4a211c66f9,02/19/2025 13:49:55,,,,"PARQ.Office West Wing.10 Floor.AHU Room(No.1,4)",577,,,07a8840e-239a-4bab-a924-8d4a211c66f9,11/26/2025 10:15:17,"AHU Room(No.1,4)",33,,9,3
,,"PARQ.PARQ.OW10F.AHURoom(No.2,3)",07a8840e-239a-4bab-a924-8d4a211c66f9,02/19/2025 13:49:55,,,,"PARQ.Office West Wing.10 Floor.AHU Room(No.2,3)",578,,,07a8840e-239a-4bab-a924-8d4a211c66f9,11/26/2025 10:15:17,"AHU Room(No.2,3)",33,,9,3
,,PARQ.PARQ.OW10F.EERoom(Square),07a8840e-239a-4bab-a924-8d4a211c66f9,02/19/2025 13:49:55,,,,PARQ.Office West Wing.10 Floor.EE Room(Square),579,,,07a8840e-239a-4bab-a924-8d4a211c66f9,11/26/2025 10:15:17,EE Room(Square),33,,9,3
,,PARQ.PARQ.OW10F.EERoom(Triangle),07a8840e-239a-4bab-a924-8d4a211c66f9,02/19/2025 13:49:55,,,,PARQ.Office West Wing.10 Floor.EE Room(Triangle),580,,,07a8840e-239a-4bab-a924-8d4a211c66f9,11/26/2025 10:15:17,EE Room(Triangle),33,,9,3
,,PARQ.PARQ.OW10F.ICTRoom,07a8840e-239a-4bab-a924-8d4a211c66f9,02/19/2025 13:49:55,,,,PARQ.Office West Wing.10 Floor.ICT Room,581,,,07a8840e-239a-4bab-a924-8d4a211c66f9,11/26/2025 10:15:17,ICT Room,33,,9,3
,,PARQ.PARQ.OW10F.WomenToilet(Big),07a8840e-239a-4bab-a924-8d4a211c66f9,02/19/2025 13:49:55,,,,PARQ.Office West Wing.10 Floor.Women Toilet(Big),582,,,07a8840e-239a-4bab-a924-8d4a211c66f9,11/26/2025 10:15:17,Women Toilet(Big),33,,9,3
,,PARQ.PARQ.OW10F.WomenToilet(Small),07a8840e-239a-4bab-a924-8d4a211c66f9,02/19/2025 13:49:55,,,,PARQ.Office West Wing.10 Floor.Women Toilet(Small),583,,,07a8840e-239a-4bab-a924-8d4a211c66f9,11/26/2025 10:15:17,Women Toilet(Small),33,,9,3
,,PARQ.PARQ.OW10F.MenToilet,07a8840e-239a-4bab-a924-8d4a211c66f9,02/19/2025 13:49:55,,,,PARQ.Office West Wing.10 Floor.Men Toilet,584,,,07a8840e-239a-4bab-a924-8d4a211c66f9,11/26/2025 10:15:17,Men Toilet,33,,9,3
,,PARQ.PARQ.OW10F.AccessibleToilet,07a8840e-239a-4bab-a924-8d4a211c66f9,02/19/2025 13:49:55,,,,PARQ.Office West Wing.10 Floor.Accessible Toilet,585,,,07a8840e-239a-4bab-a924-8d4a211c66f9,11/26/2025 10:15:17,Accessible Toilet,33,,9,3
,,PARQ.PARQ.OW10F.ChangingRoom,07a8840e-239a-4bab-a924-8d4a211c66f9,02/19/2025 13:49:55,,,,PARQ.Office West Wing.10 Floor.Changing Room,586,,,07a8840e-239a-4bab-a924-8d4a211c66f9,11/26/2025 10:15:17,Changing Room,33,,9,3
,,PARQ.PARQ.OW10F.Pantry,07a8840e-239a-4bab-a924-8d4a211c66f9,02/19/2025 13:49:55,,,,PARQ.Office West Wing.10 Floor.Pantry,587,,,07a8840e-239a-4bab-a924-8d4a211c66f9,11/26/2025 10:15:17,Pantry,33,,9,3
,,PARQ.PARQ.OW10F.10W-01,07a8840e-239a-4bab-a924-8d4a211c66f9,02/19/2025 13:49:55,,,,PARQ.Office West Wing.10 Floor.10W-01(Arise),588,,,07a8840e-239a-4bab-a924-8d4a211c66f9,11/26/2025 10:15:17,10W-01(Arise),33,,9,3
,,PARQ.PARQ.OW10F.10W-02,07a8840e-239a-4bab-a924-8d4a211c66f9,02/19/2025 13:49:55,,,,PARQ.Office West Wing.10 Floor.10W-02(Arise),589,,,07a8840e-239a-4bab-a924-8d4a211c66f9,11/26/2025 10:15:17,10W-02(Arise),33,,9,3
,,PARQ.PARQ.OW10F.10W-03,07a8840e-239a-4bab-a924-8d4a211c66f9,02/19/2025 13:49:55,,,,PARQ.Office West Wing.10 Floor.10W-03(Arise),590,,,07a8840e-239a-4bab-a924-8d4a211c66f9,11/26/2025 10:15:17,10W-03(Arise),33,,9,3
,,PARQ.PARQ.OW10F.10W-04,07a8840e-239a-4bab-a924-8d4a211c66f9,02/19/2025 13:49:55,,,,PARQ.Office West Wing.10 Floor.10W-04(Arise),591,,,07a8840e-239a-4bab-a924-8d4a211c66f9,11/26/2025 10:15:17,10W-04(Arise),33,,9,3
,,PARQ.PARQ.OW10F.10W-05,07a8840e-239a-4bab-a924-8d4a211c66f9,02/19/2025 13:49:55,,,,PARQ.Office West Wing.10 Floor.10W-05(Arise),592,,,07a8840e-239a-4bab-a924-8d4a211c66f9,11/26/2025 10:15:17,10W-05(Arise),33,,9,3
,,PARQ.PARQ.OW10F.10W-06,07a8840e-239a-4bab-a924-8d4a211c66f9,02/19/2025 13:49:55,,,,PARQ.Office West Wing.10 Floor.10W-06(Arise),593,,,07a8840e-239a-4bab-a924-8d4a211c66f9,11/26/2025 10:15:17,10W-06(Arise),33,,9,3
,,PARQ.PARQ.OW10F.10W-07,07a8840e-239a-4bab-a924-8d4a211c66f9,02/19/2025 13:49:55,,,,PARQ.Office West Wing.10 Floor.10W-07(Arise),594,,,07a8840e-239a-4bab-a924-8d4a211c66f9,11/26/2025 10:15:17,10W-07(Arise),33,,9,3
,,PARQ.PARQ.OW10F.10W-08,07a8840e-239a-4bab-a924-8d4a211c66f9,02/19/2025 13:49:55,,,,PARQ.Office West Wing.10 Floor.10W-08(JLL),595,,,07a8840e-239a-4bab-a924-8d4a211c66f9,11/26/2025 10:15:17,10W-08(JLL),33,,9,3
,,PARQ.PARQ.OW10F.10W-09,07a8840e-239a-4bab-a924-8d4a211c66f9,02/19/2025 13:49:55,,,,PARQ.Office West Wing.10 Floor.10W-09(JLL),596,,,07a8840e-239a-4bab-a924-8d4a211c66f9,11/26/2025 10:15:17,10W-09(JLL),33,,9,3
,,PARQ.PARQ.OW10F.10W-10,07a8840e-239a-4bab-a924-8d4a211c66f9,02/19/2025 13:49:55,,,,PARQ.Office West Wing.10 Floor.10W-10(JLL),597,,,07a8840e-239a-4bab-a924-8d4a211c66f9,11/26/2025 10:15:17,10W-10(JLL),33,,9,3
,,PARQ.PARQ.OW10F.10W-11,07a8840e-239a-4bab-a924-8d4a211c66f9,02/19/2025 13:49:55,,,,PARQ.Office West Wing.10 Floor.10W-11(JLL),598,,,07a8840e-239a-4bab-a924-8d4a211c66f9,11/26/2025 10:15:17,10W-11(JLL),33,,9,3
,,PARQ.PARQ.OW10F.10W-12,07a8840e-239a-4bab-a924-8d4a211c66f9,02/19/2025 13:49:55,,,,PARQ.Office West Wing.10 Floor.10W-12(JLL),599,,,07a8840e-239a-4bab-a924-8d4a211c66f9,11/26/2025 10:15:17,10W-12(JLL),33,,9,3
,,PARQ.PARQ.OW10F.10W-13,07a8840e-239a-4bab-a924-8d4a211c66f9,02/19/2025 13:49:55,,,,PARQ.Office West Wing.10 Floor.10W-13(JLL),600,,,07a8840e-239a-4bab-a924-8d4a211c66f9,11/26/2025 10:15:17,10W-13(JLL),33,,9,3
,,PARQ.PARQ.OW10F.10W-14,07a8840e-239a-4bab-a924-8d4a211c66f9,02/19/2025 13:49:55,,,,PARQ.Office West Wing.10 Floor.10W-14(JLL),601,,,07a8840e-239a-4bab-a924-8d4a211c66f9,11/26/2025 10:15:17,10W-14(JLL),33,,9,3
,,PARQ.PARQ.OW10F.10W-15,07a8840e-239a-4bab-a924-8d4a211c66f9,02/19/2025 13:49:55,,,,PARQ.Office West Wing.10 Floor.10W-15(JLL),602,,,07a8840e-239a-4bab-a924-8d4a211c66f9,11/26/2025 10:15:17,10W-15(JLL),33,,9,3
,,PARQ.PARQ.OW10F.10W-16,07a8840e-239a-4bab-a924-8d4a211c66f9,02/19/2025 13:49:55,,,,PARQ.Office West Wing.10 Floor.10W-16(JLL),603,,,07a8840e-239a-4bab-a924-8d4a211c66f9,11/26/2025 10:15:17,10W-16(JLL),33,,9,3
,,"PARQ.PARQ.OE10F.AHURoom(No.1,4)",07a8840e-239a-4bab-a924-8d4a211c66f9,02/19/2025 13:49:55,,,,"PARQ.Office East Wing.10 Floor.AHU Room(No.1,4)",604,,,07a8840e-239a-4bab-a924-8d4a211c66f9,11/26/2025 10:15:17,"AHU Room(No.1,4)",50,,10,3
,,"PARQ.PARQ.OE10F.AHURoom(No.2,3)",07a8840e-239a-4bab-a924-8d4a211c66f9,02/19/2025 13:49:55,,,,"PARQ.Office East Wing.10 Floor.AHU Room(No.2,3)",605,,,07a8840e-239a-4bab-a924-8d4a211c66f9,11/26/2025 10:15:17,"AHU Room(No.2,3)",50,,10,3
,,PARQ.PARQ.OE10F.EERoom(Square),07a8840e-239a-4bab-a924-8d4a211c66f9,02/19/2025 13:49:55,,,,PARQ.Office East Wing.10 Floor.EE Room(Square),606,,,07a8840e-239a-4bab-a924-8d4a211c66f9,11/26/2025 10:15:17,EE Room(Square),50,,10,3
,,PARQ.PARQ.OE10F.EERoom(Triangle),07a8840e-239a-4bab-a924-8d4a211c66f9,02/19/2025 13:49:55,,,,PARQ.Office East Wing.10 Floor.EE Room(Triangle),607,,,07a8840e-239a-4bab-a924-8d4a211c66f9,11/26/2025 10:15:17,EE Room(Triangle),50,,10,3
,,PARQ.PARQ.OE10F.ICTRoom,07a8840e-239a-4bab-a924-8d4a211c66f9,02/19/2025 13:49:55,,,,PARQ.Office East Wing.10 Floor.ICT Room,608,,,07a8840e-239a-4bab-a924-8d4a211c66f9,11/26/2025 10:15:17,ICT Room,50,,10,3
,,PARQ.PARQ.OE10F.WomenToilet(Big),07a8840e-239a-4bab-a924-8d4a211c66f9,02/19/2025 13:49:55,,,,PARQ.Office East Wing.10 Floor.Women Toilet(Big),609,,,07a8840e-239a-4bab-a924-8d4a211c66f9,11/26/2025 10:15:17,Women Toilet(Big),50,,10,3
,,PARQ.PARQ.OE10F.WomenToilet(Small),07a8840e-239a-4bab-a924-8d4a211c66f9,02/19/2025 13:49:55,,,,PARQ.Office East Wing.10 Floor.Women Toilet(Small),610,,,07a8840e-239a-4bab-a924-8d4a211c66f9,11/26/2025 10:15:17,Women Toilet(Small),50,,10,3
,,PARQ.PARQ.OE10F.MenToilet,07a8840e-239a-4bab-a924-8d4a211c66f9,02/19/2025 13:49:55,,,,PARQ.Office East Wing.10 Floor.Men Toilet,611,,,07a8840e-239a-4bab-a924-8d4a211c66f9,11/26/2025 10:15:17,Men Toilet,50,,10,3
,,PARQ.PARQ.OE10F.AccessibleToilet,07a8840e-239a-4bab-a924-8d4a211c66f9,02/19/2025 13:49:55,,,,PARQ.Office East Wing.10 Floor.Accessible Toilet,612,,,07a8840e-239a-4bab-a924-8d4a211c66f9,11/26/2025 10:15:17,Accessible Toilet,50,,10,3
,,PARQ.PARQ.OE10F.ChangingRoom,07a8840e-239a-4bab-a924-8d4a211c66f9,02/19/2025 13:49:56,,,,PARQ.Office East Wing.10 Floor.Changing Room,613,,,07a8840e-239a-4bab-a924-8d4a211c66f9,11/26/2025 10:15:17,Changing Room,50,,10,3
,,PARQ.PARQ.OE10F.Pantry,07a8840e-239a-4bab-a924-8d4a211c66f9,02/19/2025 13:49:56,,,,PARQ.Office East Wing.10 Floor.Pantry,614,,,07a8840e-239a-4bab-a924-8d4a211c66f9,11/26/2025 10:15:17,Pantry,50,,10,3
,,PARQ.PARQ.OE10F.10E-01,07a8840e-239a-4bab-a924-8d4a211c66f9,02/19/2025 13:49:56,,,,PARQ.Office East Wing.10 Floor.10E-01(Tims),615,,,07a8840e-239a-4bab-a924-8d4a211c66f9,11/26/2025 10:15:17,10E-01(Tims),50,,10,3
,,PARQ.PARQ.OE10F.10E-02,07a8840e-239a-4bab-a924-8d4a211c66f9,02/19/2025 13:49:56,,,,PARQ.Office East Wing.10 Floor.10E-02(Tims),616,,,07a8840e-239a-4bab-a924-8d4a211c66f9,11/26/2025 10:15:17,10E-02(Tims),50,,10,3
,,PARQ.PARQ.OE10F.10E-03,07a8840e-239a-4bab-a924-8d4a211c66f9,02/19/2025 13:49:56,,,,PARQ.Office East Wing.10 Floor.10E-03(GVS),617,,,07a8840e-239a-4bab-a924-8d4a211c66f9,11/26/2025 10:15:17,10E-03(GVS),50,,10,3
,,PARQ.PARQ.OE10F.10E-04,07a8840e-239a-4bab-a924-8d4a211c66f9,02/19/2025 13:49:56,,,,PARQ.Office East Wing.10 Floor.10E-04(QSR),618,,,07a8840e-239a-4bab-a924-8d4a211c66f9,11/26/2025 10:15:17,10E-04(QSR),50,,10,3
,,PARQ.PARQ.OE10F.10E-05,07a8840e-239a-4bab-a924-8d4a211c66f9,02/19/2025 13:49:56,,,,PARQ.Office East Wing.10 Floor.10E-05(QSR),619,,,07a8840e-239a-4bab-a924-8d4a211c66f9,11/26/2025 10:15:17,10E-05(QSR),50,,10,3
,,PARQ.PARQ.OE10F.10E-06,07a8840e-239a-4bab-a924-8d4a211c66f9,02/19/2025 13:49:56,,,,PARQ.Office East Wing.10 Floor.10E-06(QSR),620,,,07a8840e-239a-4bab-a924-8d4a211c66f9,11/26/2025 10:15:17,10E-06(QSR),50,,10,3
,,PARQ.PARQ.OE10F.10E-07,07a8840e-239a-4bab-a924-8d4a211c66f9,02/19/2025 13:49:56,,,,PARQ.Office East Wing.10 Floor.10E-07(QSR),621,,,07a8840e-239a-4bab-a924-8d4a211c66f9,11/26/2025 10:15:17,10E-07(QSR),50,,10,3
,,PARQ.PARQ.OE10F.10E-08,07a8840e-239a-4bab-a924-8d4a211c66f9,02/19/2025 13:49:56,,,,PARQ.Office East Wing.10 Floor.10E-08(QSR),622,,,07a8840e-239a-4bab-a924-8d4a211c66f9,11/26/2025 10:15:17,10E-08(QSR),50,,10,3
,,PARQ.PARQ.OE10F.10E-09,07a8840e-239a-4bab-a924-8d4a211c66f9,02/19/2025 13:49:56,,,,PARQ.Office East Wing.10 Floor.10E-09(QSR),623,,,07a8840e-239a-4bab-a924-8d4a211c66f9,11/26/2025 10:15:17,10E-09(QSR),50,,10,3
,,PARQ.PARQ.OE10F.10E-10,07a8840e-239a-4bab-a924-8d4a211c66f9,02/19/2025 13:49:56,,,,PARQ.Office East Wing.10 Floor.10E-10(QSR),624,,,07a8840e-239a-4bab-a924-8d4a211c66f9,11/26/2025 10:15:17,10E-10(QSR),50,,10,3
,,PARQ.PARQ.OE10F.10E-11,07a8840e-239a-4bab-a924-8d4a211c66f9,02/19/2025 13:49:56,,,,PARQ.Office East Wing.10 Floor.10E-11(Kotobukit),625,,,07a8840e-239a-4bab-a924-8d4a211c66f9,11/26/2025 10:15:17,10E-11(Kotobukit),50,,10,3
,,PARQ.PARQ.OE10F.10E-12,07a8840e-239a-4bab-a924-8d4a211c66f9,02/19/2025 13:49:56,,,,PARQ.Office East Wing.10 Floor.10E-12(Den Hartogh),626,,,07a8840e-239a-4bab-a924-8d4a211c66f9,11/26/2025 10:15:17,10E-12(Den Hartogh),50,,10,3
,,PARQ.PARQ.OE10F.10E-13,07a8840e-239a-4bab-a924-8d4a211c66f9,02/19/2025 13:49:56,,,,PARQ.Office East Wing.10 Floor.10E-13(Den Hartogh),627,,,07a8840e-239a-4bab-a924-8d4a211c66f9,11/26/2025 10:15:17,10E-13(Den Hartogh),50,,10,3
,,PARQ.PARQ.OE10F.10E-14,07a8840e-239a-4bab-a924-8d4a211c66f9,02/19/2025 13:49:56,,,,PARQ.Office East Wing.10 Floor.10E-14(Den Hartogh),628,,,07a8840e-239a-4bab-a924-8d4a211c66f9,11/26/2025 10:15:17,10E-14(Den Hartogh),50,,10,3
,,PARQ.PARQ.OE10F.10E-15,07a8840e-239a-4bab-a924-8d4a211c66f9,02/19/2025 13:49:56,,,,PARQ.Office East Wing.10 Floor.10E-15(Den Hartogh),629,,,07a8840e-239a-4bab-a924-8d4a211c66f9,11/26/2025 10:15:17,10E-15(Den Hartogh),50,,10,3
,,PARQ.PARQ.OE10F.10E-16,07a8840e-239a-4bab-a924-8d4a211c66f9,02/19/2025 13:49:56,,,,PARQ.Office East Wing.10 Floor.10E-16(Earthshine),630,,,07a8840e-239a-4bab-a924-8d4a211c66f9,11/26/2025 10:15:17,10E-16(Earthshine),50,,10,3
,,"PARQ.PARQ.OW11F.AHURoom(No.1,4)",07a8840e-239a-4bab-a924-8d4a211c66f9,02/19/2025 13:49:56,,,,"PARQ.Office West Wing.11 Floor.AHU Room(No.1,4)",631,,,07a8840e-239a-4bab-a924-8d4a211c66f9,11/26/2025 10:15:17,"AHU Room(No.1,4)",34,,9,3
,,"PARQ.PARQ.OW11F.AHURoom(No.2,3)",07a8840e-239a-4bab-a924-8d4a211c66f9,02/19/2025 13:49:56,,,,"PARQ.Office West Wing.11 Floor.AHU Room(No.2,3)",632,,,07a8840e-239a-4bab-a924-8d4a211c66f9,11/26/2025 10:15:17,"AHU Room(No.2,3)",34,,9,3
,,PARQ.PARQ.OW11F.EERoom(Square),07a8840e-239a-4bab-a924-8d4a211c66f9,02/19/2025 13:49:56,,,,PARQ.Office West Wing.11 Floor.EE Room(Square),633,,,07a8840e-239a-4bab-a924-8d4a211c66f9,11/26/2025 10:15:17,EE Room(Square),34,,9,3
,,PARQ.PARQ.OW11F.EERoom(Triangle),07a8840e-239a-4bab-a924-8d4a211c66f9,02/19/2025 13:49:56,,,,PARQ.Office West Wing.11 Floor.EE Room(Triangle),634,,,07a8840e-239a-4bab-a924-8d4a211c66f9,11/26/2025 10:15:17,EE Room(Triangle),34,,9,3
,,PARQ.PARQ.OW11F.ICTRoom,07a8840e-239a-4bab-a924-8d4a211c66f9,02/19/2025 13:49:56,,,,PARQ.Office West Wing.11 Floor.ICT Room,635,,,07a8840e-239a-4bab-a924-8d4a211c66f9,11/26/2025 10:15:17,ICT Room,34,,9,3
,,PARQ.PARQ.OW11F.WomenToilet(Big),07a8840e-239a-4bab-a924-8d4a211c66f9,02/19/2025 13:49:56,,,,PARQ.Office West Wing.11 Floor.Women Toilet(Big),636,,,07a8840e-239a-4bab-a924-8d4a211c66f9,11/26/2025 10:15:17,Women Toilet(Big),34,,9,3
,,PARQ.PARQ.OW11F.WomenToilet(Small),07a8840e-239a-4bab-a924-8d4a211c66f9,02/19/2025 13:49:56,,,,PARQ.Office West Wing.11 Floor.Women Toilet(Small),637,,,07a8840e-239a-4bab-a924-8d4a211c66f9,11/26/2025 10:15:17,Women Toilet(Small),34,,9,3
,,PARQ.PARQ.OW11F.MenToilet,07a8840e-239a-4bab-a924-8d4a211c66f9,02/19/2025 13:49:56,,,,PARQ.Office West Wing.11 Floor.Men Toilet,638,,,07a8840e-239a-4bab-a924-8d4a211c66f9,11/26/2025 10:15:17,Men Toilet,34,,9,3
,,PARQ.PARQ.OW11F.AccessibleToilet,07a8840e-239a-4bab-a924-8d4a211c66f9,02/19/2025 13:49:56,,,,PARQ.Office West Wing.11 Floor.Accessible Toilet,639,,,07a8840e-239a-4bab-a924-8d4a211c66f9,11/26/2025 10:15:17,Accessible Toilet,34,,9,3
,,PARQ.PARQ.OW11F.ChangingRoom,07a8840e-239a-4bab-a924-8d4a211c66f9,02/19/2025 13:49:56,,,,PARQ.Office West Wing.11 Floor.Changing Room,640,,,07a8840e-239a-4bab-a924-8d4a211c66f9,11/26/2025 10:15:17,Changing Room,34,,9,3
,,PARQ.PARQ.OW11F.Pantry,07a8840e-239a-4bab-a924-8d4a211c66f9,02/19/2025 13:49:56,,,,PARQ.Office West Wing.11 Floor.Pantry,641,,,07a8840e-239a-4bab-a924-8d4a211c66f9,11/26/2025 10:15:17,Pantry,34,,9,3
,,PARQ.PARQ.OW11F.11W-01,07a8840e-239a-4bab-a924-8d4a211c66f9,02/19/2025 13:49:56,,,,PARQ.Office West Wing.11 Floor.11W-01(Minor),642,,,07a8840e-239a-4bab-a924-8d4a211c66f9,11/26/2025 10:15:17,11W-01(Minor),34,,9,3
,,PARQ.PARQ.OW11F.11W-02,07a8840e-239a-4bab-a924-8d4a211c66f9,02/19/2025 13:49:56,,,,PARQ.Office West Wing.11 Floor.11W-02(Minor),643,,,07a8840e-239a-4bab-a924-8d4a211c66f9,11/26/2025 10:15:17,11W-02(Minor),34,,9,3
,,PARQ.PARQ.OW11F.11W-03,07a8840e-239a-4bab-a924-8d4a211c66f9,02/19/2025 13:49:56,,,,PARQ.Office West Wing.11 Floor.11W-03(Minor),644,,,07a8840e-239a-4bab-a924-8d4a211c66f9,11/26/2025 10:15:17,11W-03(Minor),34,,9,3
,,PARQ.PARQ.OW11F.11W-04,07a8840e-239a-4bab-a924-8d4a211c66f9,02/19/2025 13:49:56,,,,PARQ.Office West Wing.11 Floor.11W-04(Minor),645,,,07a8840e-239a-4bab-a924-8d4a211c66f9,11/26/2025 10:15:17,11W-04(Minor),34,,9,3
,,PARQ.PARQ.OW11F.11W-05,07a8840e-239a-4bab-a924-8d4a211c66f9,02/19/2025 13:49:56,,,,PARQ.Office West Wing.11 Floor.11W-05(Minor),646,,,07a8840e-239a-4bab-a924-8d4a211c66f9,11/26/2025 10:15:17,11W-05(Minor),34,,9,3
,,PARQ.PARQ.OW11F.11W-06,07a8840e-239a-4bab-a924-8d4a211c66f9,02/19/2025 13:49:56,,,,PARQ.Office West Wing.11 Floor.11W-06(Minor),647,,,07a8840e-239a-4bab-a924-8d4a211c66f9,11/26/2025 10:15:17,11W-06(Minor),34,,9,3
,,PARQ.PARQ.OW11F.11W-07,07a8840e-239a-4bab-a924-8d4a211c66f9,02/19/2025 13:49:56,,,,PARQ.Office West Wing.11 Floor.11W-07(Minor),648,,,07a8840e-239a-4bab-a924-8d4a211c66f9,11/26/2025 10:15:17,11W-07(Minor),34,,9,3
,,PARQ.PARQ.OW11F.11W-08,07a8840e-239a-4bab-a924-8d4a211c66f9,02/19/2025 13:49:56,,,,PARQ.Office West Wing.11 Floor.11W-08(Minor),649,,,07a8840e-239a-4bab-a924-8d4a211c66f9,11/26/2025 10:15:17,11W-08(Minor),34,,9,3
,,PARQ.PARQ.OW11F.11W-09,07a8840e-239a-4bab-a924-8d4a211c66f9,02/19/2025 13:49:56,,,,PARQ.Office West Wing.11 Floor.11W-09(Minor),650,,,07a8840e-239a-4bab-a924-8d4a211c66f9,11/26/2025 10:15:17,11W-09(Minor),34,,9,3
,,PARQ.PARQ.OW11F.11W-10,07a8840e-239a-4bab-a924-8d4a211c66f9,02/19/2025 13:49:56,,,,PARQ.Office West Wing.11 Floor.11W-10(Viatris),651,,,07a8840e-239a-4bab-a924-8d4a211c66f9,11/26/2025 10:15:17,11W-10(Viatris),34,,9,3
,,PARQ.PARQ.OW11F.11W-11,07a8840e-239a-4bab-a924-8d4a211c66f9,02/19/2025 13:49:56,,,,PARQ.Office West Wing.11 Floor.11W-11(Viatris),652,,,07a8840e-239a-4bab-a924-8d4a211c66f9,11/26/2025 10:15:17,11W-11(Viatris),34,,9,3
,,PARQ.PARQ.OW11F.11W-12,07a8840e-239a-4bab-a924-8d4a211c66f9,02/19/2025 13:49:56,,,,PARQ.Office West Wing.11 Floor.11W-12(Viatris),653,,,07a8840e-239a-4bab-a924-8d4a211c66f9,11/26/2025 10:15:17,11W-12(Viatris),34,,9,3
,,PARQ.PARQ.OW11F.11W-13,07a8840e-239a-4bab-a924-8d4a211c66f9,02/19/2025 13:49:56,,,,PARQ.Office West Wing.11 Floor.11W-13(Viatris),654,,,07a8840e-239a-4bab-a924-8d4a211c66f9,11/26/2025 10:15:17,11W-13(Viatris),34,,9,3
,,PARQ.PARQ.OW11F.11W-14,07a8840e-239a-4bab-a924-8d4a211c66f9,02/19/2025 13:49:56,,,,PARQ.Office West Wing.11 Floor.11W-14(Viatris),655,,,07a8840e-239a-4bab-a924-8d4a211c66f9,11/26/2025 10:15:17,11W-14(Viatris),34,,9,3
,,PARQ.PARQ.OW11F.11W-15,07a8840e-239a-4bab-a924-8d4a211c66f9,02/19/2025 13:49:56,,,,PARQ.Office West Wing.11 Floor.11W-15(Viatris),656,,,07a8840e-239a-4bab-a924-8d4a211c66f9,11/26/2025 10:15:17,11W-15(Viatris),34,,9,3
,,"PARQ.PARQ.OE11F.AHURoom(No.1,4)",07a8840e-239a-4bab-a924-8d4a211c66f9,02/19/2025 13:49:56,,,,"PARQ.Office East Wing.11 Floor.AHU Room(No.1,4)",657,,,07a8840e-239a-4bab-a924-8d4a211c66f9,11/26/2025 10:15:17,"AHU Room(No.1,4)",51,,10,3
,,"PARQ.PARQ.OE11F.AHURoom(No.2,3)",07a8840e-239a-4bab-a924-8d4a211c66f9,02/19/2025 13:49:56,,,,"PARQ.Office East Wing.11 Floor.AHU Room(No.2,3)",658,,,07a8840e-239a-4bab-a924-8d4a211c66f9,11/26/2025 10:15:17,"AHU Room(No.2,3)",51,,10,3
,,PARQ.PARQ.OE11F.EERoom(Square),07a8840e-239a-4bab-a924-8d4a211c66f9,02/19/2025 13:49:57,,,,PARQ.Office East Wing.11 Floor.EE Room(Square),659,,,07a8840e-239a-4bab-a924-8d4a211c66f9,11/26/2025 10:15:17,EE Room(Square),51,,10,3
,,PARQ.PARQ.OE11F.EERoom(Triangle),07a8840e-239a-4bab-a924-8d4a211c66f9,02/19/2025 13:49:57,,,,PARQ.Office East Wing.11 Floor.EE Room(Triangle),660,,,07a8840e-239a-4bab-a924-8d4a211c66f9,11/26/2025 10:15:17,EE Room(Triangle),51,,10,3
,,PARQ.PARQ.OE11F.ICTRoom,07a8840e-239a-4bab-a924-8d4a211c66f9,02/19/2025 13:49:57,,,,PARQ.Office East Wing.11 Floor.ICT Room,661,,,07a8840e-239a-4bab-a924-8d4a211c66f9,11/26/2025 10:15:17,ICT Room,51,,10,3
,,PARQ.PARQ.OE11F.WomenToilet(Big),07a8840e-239a-4bab-a924-8d4a211c66f9,02/19/2025 13:49:57,,,,PARQ.Office East Wing.11 Floor.Women Toilet(Big),662,,,07a8840e-239a-4bab-a924-8d4a211c66f9,11/26/2025 10:15:17,Women Toilet(Big),51,,10,3
,,PARQ.PARQ.OE11F.WomenToilet(Small),07a8840e-239a-4bab-a924-8d4a211c66f9,02/19/2025 13:49:57,,,,PARQ.Office East Wing.11 Floor.Women Toilet(Small),663,,,07a8840e-239a-4bab-a924-8d4a211c66f9,11/26/2025 10:15:17,Women Toilet(Small),51,,10,3
,,PARQ.PARQ.OE11F.MenToilet,07a8840e-239a-4bab-a924-8d4a211c66f9,02/19/2025 13:49:57,,,,PARQ.Office East Wing.11 Floor.Men Toilet,664,,,07a8840e-239a-4bab-a924-8d4a211c66f9,11/26/2025 10:15:17,Men Toilet,51,,10,3
,,PARQ.PARQ.OE11F.AccessibleToilet,07a8840e-239a-4bab-a924-8d4a211c66f9,02/19/2025 13:49:57,,,,PARQ.Office East Wing.11 Floor.Accessible Toilet,665,,,07a8840e-239a-4bab-a924-8d4a211c66f9,11/26/2025 10:15:17,Accessible Toilet,51,,10,3
,,PARQ.PARQ.OE11F.ChangingRoom,07a8840e-239a-4bab-a924-8d4a211c66f9,02/19/2025 13:49:57,,,,PARQ.Office East Wing.11 Floor.Changing Room,666,,,07a8840e-239a-4bab-a924-8d4a211c66f9,11/26/2025 10:15:17,Changing Room,51,,10,3
,,PARQ.PARQ.OE11F.Pantry,07a8840e-239a-4bab-a924-8d4a211c66f9,02/19/2025 13:49:57,,,,PARQ.Office East Wing.11 Floor.Pantry,667,,,07a8840e-239a-4bab-a924-8d4a211c66f9,11/26/2025 10:15:17,Pantry,51,,10,3
,,PARQ.PARQ.OE11F.11E-16,07a8840e-239a-4bab-a924-8d4a211c66f9,02/19/2025 13:49:57,,,,PARQ.Office East Wing.11 Floor.11E-16(Minor),668,,,07a8840e-239a-4bab-a924-8d4a211c66f9,11/26/2025 10:15:17,11E-16(Minor),51,,10,3
,,PARQ.PARQ.OE11F.11E-17,07a8840e-239a-4bab-a924-8d4a211c66f9,02/19/2025 13:49:57,,,,PARQ.Office East Wing.11 Floor.11E-17(Minor),669,,,07a8840e-239a-4bab-a924-8d4a211c66f9,11/26/2025 10:15:17,11E-17(Minor),51,,10,3
,,PARQ.PARQ.OE11F.11E-18,07a8840e-239a-4bab-a924-8d4a211c66f9,02/19/2025 13:49:57,,,,PARQ.Office East Wing.11 Floor.11E-18(Minor),670,,,07a8840e-239a-4bab-a924-8d4a211c66f9,11/26/2025 10:15:17,11E-18(Minor),51,,10,3
,,PARQ.PARQ.OE11F.11E-19,07a8840e-239a-4bab-a924-8d4a211c66f9,02/19/2025 13:49:57,,,,PARQ.Office East Wing.11 Floor.11E-19(Minor),671,,,07a8840e-239a-4bab-a924-8d4a211c66f9,11/26/2025 10:15:17,11E-19(Minor),51,,10,3
,,PARQ.PARQ.OE11F.11E-20,07a8840e-239a-4bab-a924-8d4a211c66f9,02/19/2025 13:49:57,,,,PARQ.Office East Wing.11 Floor.11E-20(Minor),672,,,07a8840e-239a-4bab-a924-8d4a211c66f9,11/26/2025 10:15:17,11E-20(Minor),51,,10,3
,,PARQ.PARQ.OE11F.11E-21,07a8840e-239a-4bab-a924-8d4a211c66f9,02/19/2025 13:49:57,,,,PARQ.Office East Wing.11 Floor.11E-21(Minor),673,,,07a8840e-239a-4bab-a924-8d4a211c66f9,11/26/2025 10:15:17,11E-21(Minor),51,,10,3
,,PARQ.PARQ.OE11F.11E-22,07a8840e-239a-4bab-a924-8d4a211c66f9,02/19/2025 13:49:57,,,,PARQ.Office East Wing.11 Floor.11E-22(Minor),674,,,07a8840e-239a-4bab-a924-8d4a211c66f9,11/26/2025 10:15:17,11E-22(Minor),51,,10,3
,,PARQ.PARQ.OE11F.11E-23,07a8840e-239a-4bab-a924-8d4a211c66f9,02/19/2025 13:49:57,,,,PARQ.Office East Wing.11 Floor.11E-23(Minor),675,,,07a8840e-239a-4bab-a924-8d4a211c66f9,11/26/2025 10:15:17,11E-23(Minor),51,,10,3
,,PARQ.PARQ.OE11F.11E-24,07a8840e-239a-4bab-a924-8d4a211c66f9,02/19/2025 13:49:57,,,,PARQ.Office East Wing.11 Floor.11E-24(Minor),676,,,07a8840e-239a-4bab-a924-8d4a211c66f9,11/26/2025 10:15:17,11E-24(Minor),51,,10,3
,,PARQ.PARQ.OE11F.11E-25,07a8840e-239a-4bab-a924-8d4a211c66f9,02/19/2025 13:49:57,,,,PARQ.Office East Wing.11 Floor.11E-25(Minor),677,,,07a8840e-239a-4bab-a924-8d4a211c66f9,11/26/2025 10:15:17,11E-25(Minor),51,,10,3
,,PARQ.PARQ.OE11F.11E-26,07a8840e-239a-4bab-a924-8d4a211c66f9,02/19/2025 13:49:57,,,,PARQ.Office East Wing.11 Floor.11E-26(Minor),678,,,07a8840e-239a-4bab-a924-8d4a211c66f9,11/26/2025 10:15:17,11E-26(Minor),51,,10,3
,,PARQ.PARQ.OE11F.11E-27,07a8840e-239a-4bab-a924-8d4a211c66f9,02/19/2025 13:49:57,,,,PARQ.Office East Wing.11 Floor.11E-27(Minor),679,,,07a8840e-239a-4bab-a924-8d4a211c66f9,11/26/2025 10:15:17,11E-27(Minor),51,,10,3
,,PARQ.PARQ.OE11F.11E-28,07a8840e-239a-4bab-a924-8d4a211c66f9,02/19/2025 13:49:57,,,,PARQ.Office East Wing.11 Floor.11E-28(Minor),680,,,07a8840e-239a-4bab-a924-8d4a211c66f9,11/26/2025 10:15:17,11E-28(Minor),51,,10,3
,,PARQ.PARQ.OE11F.11E-29,07a8840e-239a-4bab-a924-8d4a211c66f9,02/19/2025 13:49:57,,,,PARQ.Office East Wing.11 Floor.11E-29(Minor),681,,,07a8840e-239a-4bab-a924-8d4a211c66f9,11/26/2025 10:15:17,11E-29(Minor),51,,10,3
,,PARQ.PARQ.OE11F.11E-30,07a8840e-239a-4bab-a924-8d4a211c66f9,02/19/2025 13:49:57,,,,PARQ.Office East Wing.11 Floor.11E-30(Minor),682,,,07a8840e-239a-4bab-a924-8d4a211c66f9,11/26/2025 10:15:17,11E-30(Minor),51,,10,3
,,"PARQ.PARQ.OW12F.AHURoom(No.1,4)",07a8840e-239a-4bab-a924-8d4a211c66f9,02/19/2025 13:49:57,,,,"PARQ.Office West Wing.12 Floor.AHU Room(No.1,4)",683,,,07a8840e-239a-4bab-a924-8d4a211c66f9,11/26/2025 10:15:17,"AHU Room(No.1,4)",35,,9,3
,,"PARQ.PARQ.OW12F.AHURoom(No.2,3)",07a8840e-239a-4bab-a924-8d4a211c66f9,02/19/2025 13:49:57,,,,"PARQ.Office West Wing.12 Floor.AHU Room(No.2,3)",684,,,07a8840e-239a-4bab-a924-8d4a211c66f9,11/26/2025 10:15:17,"AHU Room(No.2,3)",35,,9,3
,,PARQ.PARQ.OW12F.EERoom(Square),07a8840e-239a-4bab-a924-8d4a211c66f9,02/19/2025 13:49:57,,,,PARQ.Office West Wing.12 Floor.EE Room(Square),685,,,07a8840e-239a-4bab-a924-8d4a211c66f9,11/26/2025 10:15:17,EE Room(Square),35,,9,3
,,PARQ.PARQ.OW12F.EERoom(Triangle),07a8840e-239a-4bab-a924-8d4a211c66f9,02/19/2025 13:49:57,,,,PARQ.Office West Wing.12 Floor.EE Room(Triangle),686,,,07a8840e-239a-4bab-a924-8d4a211c66f9,11/26/2025 10:15:17,EE Room(Triangle),35,,9,3
,,PARQ.PARQ.OW12F.ICTRoom,07a8840e-239a-4bab-a924-8d4a211c66f9,02/19/2025 13:49:57,,,,PARQ.Office West Wing.12 Floor.ICT Room,687,,,07a8840e-239a-4bab-a924-8d4a211c66f9,11/26/2025 10:15:17,ICT Room,35,,9,3
,,PARQ.PARQ.OW12F.WomenToilet(Big),07a8840e-239a-4bab-a924-8d4a211c66f9,02/19/2025 13:49:57,,,,PARQ.Office West Wing.12 Floor.Women Toilet(Big),688,,,07a8840e-239a-4bab-a924-8d4a211c66f9,11/26/2025 10:15:17,Women Toilet(Big),35,,9,3
,,PARQ.PARQ.OW12F.WomenToilet(Small),07a8840e-239a-4bab-a924-8d4a211c66f9,02/19/2025 13:49:57,,,,PARQ.Office West Wing.12 Floor.Women Toilet(Small),689,,,07a8840e-239a-4bab-a924-8d4a211c66f9,11/26/2025 10:15:17,Women Toilet(Small),35,,9,3
,,PARQ.PARQ.OW12F.MenToilet,07a8840e-239a-4bab-a924-8d4a211c66f9,02/19/2025 13:49:57,,,,PARQ.Office West Wing.12 Floor.Men Toilet,690,,,07a8840e-239a-4bab-a924-8d4a211c66f9,11/26/2025 10:15:17,Men Toilet,35,,9,3
,,PARQ.PARQ.OW12F.AccessibleToilet,07a8840e-239a-4bab-a924-8d4a211c66f9,02/19/2025 13:49:57,,,,PARQ.Office West Wing.12 Floor.Accessible Toilet,691,,,07a8840e-239a-4bab-a924-8d4a211c66f9,11/26/2025 10:15:17,Accessible Toilet,35,,9,3
,,PARQ.PARQ.OW12F.ChangingRoom,07a8840e-239a-4bab-a924-8d4a211c66f9,02/19/2025 13:49:57,,,,PARQ.Office West Wing.12 Floor.Changing Room,692,,,07a8840e-239a-4bab-a924-8d4a211c66f9,11/26/2025 10:15:17,Changing Room,35,,9,3
,,PARQ.PARQ.OW12F.Pantry,07a8840e-239a-4bab-a924-8d4a211c66f9,02/19/2025 13:49:57,,,,PARQ.Office West Wing.12 Floor.Pantry,693,,,07a8840e-239a-4bab-a924-8d4a211c66f9,11/26/2025 10:15:17,Pantry,35,,9,3
,,PARQ.PARQ.OW12F.12W-01,07a8840e-239a-4bab-a924-8d4a211c66f9,02/19/2025 13:49:57,,,,PARQ.Office West Wing.12 Floor.12W-01(Minor),694,,,07a8840e-239a-4bab-a924-8d4a211c66f9,11/26/2025 10:15:17,12W-01(Minor),35,,9,3
,,PARQ.PARQ.OW12F.12W-02,07a8840e-239a-4bab-a924-8d4a211c66f9,02/19/2025 13:49:57,,,,PARQ.Office West Wing.12 Floor.12W-02(Minor),695,,,07a8840e-239a-4bab-a924-8d4a211c66f9,11/26/2025 10:15:17,12W-02(Minor),35,,9,3
,,PARQ.PARQ.OW12F.12W-03,07a8840e-239a-4bab-a924-8d4a211c66f9,02/19/2025 13:49:57,,,,PARQ.Office West Wing.12 Floor.12W-03(Minor),696,,,07a8840e-239a-4bab-a924-8d4a211c66f9,11/26/2025 10:15:17,12W-03(Minor),35,,9,3
,,PARQ.PARQ.OW12F.12W-04,07a8840e-239a-4bab-a924-8d4a211c66f9,02/19/2025 13:49:57,,,,PARQ.Office West Wing.12 Floor.12W-04(Minor),697,,,07a8840e-239a-4bab-a924-8d4a211c66f9,11/26/2025 10:15:17,12W-04(Minor),35,,9,3
,,PARQ.PARQ.OW12F.12W-05,07a8840e-239a-4bab-a924-8d4a211c66f9,02/19/2025 13:49:57,,,,PARQ.Office West Wing.12 Floor.12W-05(Minor),698,,,07a8840e-239a-4bab-a924-8d4a211c66f9,11/26/2025 10:15:17,12W-05(Minor),35,,9,3
,,PARQ.PARQ.OW12F.12W-06,07a8840e-239a-4bab-a924-8d4a211c66f9,02/19/2025 13:49:57,,,,PARQ.Office West Wing.12 Floor.12W-06(Minor),699,,,07a8840e-239a-4bab-a924-8d4a211c66f9,11/26/2025 10:15:17,12W-06(Minor),35,,9,3
,,PARQ.PARQ.OW12F.12W-07,07a8840e-239a-4bab-a924-8d4a211c66f9,02/19/2025 13:49:57,,,,PARQ.Office West Wing.12 Floor.12W-07(Minor),700,,,07a8840e-239a-4bab-a924-8d4a211c66f9,11/26/2025 10:15:17,12W-07(Minor),35,,9,3
,,PARQ.PARQ.OW12F.12W-08,07a8840e-239a-4bab-a924-8d4a211c66f9,02/19/2025 13:49:57,,,,PARQ.Office West Wing.12 Floor.12W-08(Minor),701,,,07a8840e-239a-4bab-a924-8d4a211c66f9,11/26/2025 10:15:17,12W-08(Minor),35,,9,3
,,PARQ.PARQ.OW12F.12W-09,07a8840e-239a-4bab-a924-8d4a211c66f9,02/19/2025 13:49:57,,,,PARQ.Office West Wing.12 Floor.12W-09(Minor),702,,,07a8840e-239a-4bab-a924-8d4a211c66f9,11/26/2025 10:15:17,12W-09(Minor),35,,9,3
,,PARQ.PARQ.OW12F.12W-10,07a8840e-239a-4bab-a924-8d4a211c66f9,02/19/2025 13:49:58,,,,PARQ.Office West Wing.12 Floor.12W-10(Minor),703,,,07a8840e-239a-4bab-a924-8d4a211c66f9,11/26/2025 10:15:17,12W-10(Minor),35,,9,3
,,PARQ.PARQ.OW12F.12W-11,07a8840e-239a-4bab-a924-8d4a211c66f9,02/19/2025 13:49:58,,,,PARQ.Office West Wing.12 Floor.12W-11(Minor),704,,,07a8840e-239a-4bab-a924-8d4a211c66f9,11/26/2025 10:15:17,12W-11(Minor),35,,9,3
,,PARQ.PARQ.OW12F.12W-12,07a8840e-239a-4bab-a924-8d4a211c66f9,02/19/2025 13:49:58,,,,PARQ.Office West Wing.12 Floor.12W-12(Minor),705,,,07a8840e-239a-4bab-a924-8d4a211c66f9,11/26/2025 10:15:17,12W-12(Minor),35,,9,3
,,PARQ.PARQ.OW12F.12W-13,07a8840e-239a-4bab-a924-8d4a211c66f9,02/19/2025 13:49:58,,,,PARQ.Office West Wing.12 Floor.12W-13(Minor),706,,,07a8840e-239a-4bab-a924-8d4a211c66f9,11/26/2025 10:15:17,12W-13(Minor),35,,9,3
,,PARQ.PARQ.OW12F.12W-14,07a8840e-239a-4bab-a924-8d4a211c66f9,02/19/2025 13:49:58,,,,PARQ.Office West Wing.12 Floor.12W-14(Minor),707,,,07a8840e-239a-4bab-a924-8d4a211c66f9,11/26/2025 10:15:17,12W-14(Minor),35,,9,3
,,PARQ.PARQ.OW12F.12W-15,07a8840e-239a-4bab-a924-8d4a211c66f9,02/19/2025 13:49:58,,,,PARQ.Office West Wing.12 Floor.12W-15(Minor),708,,,07a8840e-239a-4bab-a924-8d4a211c66f9,11/26/2025 10:15:17,12W-15(Minor),35,,9,3
,,"PARQ.PARQ.OE12F.AHURoom(No.1,4)",07a8840e-239a-4bab-a924-8d4a211c66f9,02/19/2025 13:49:58,,,,"PARQ.Office East Wing.12 Floor.AHU Room(No.1,4)",709,,,07a8840e-239a-4bab-a924-8d4a211c66f9,11/26/2025 10:15:17,"AHU Room(No.1,4)",52,,10,3
,,"PARQ.PARQ.OE12F.AHURoom(No.2,3)",07a8840e-239a-4bab-a924-8d4a211c66f9,02/19/2025 13:49:58,,,,"PARQ.Office East Wing.12 Floor.AHU Room(No.2,3)",710,,,07a8840e-239a-4bab-a924-8d4a211c66f9,11/26/2025 10:15:17,"AHU Room(No.2,3)",52,,10,3
,,PARQ.PARQ.OE12F.EERoom(Square),07a8840e-239a-4bab-a924-8d4a211c66f9,02/19/2025 13:49:58,,,,PARQ.Office East Wing.12 Floor.EE Room(Square),711,,,07a8840e-239a-4bab-a924-8d4a211c66f9,11/26/2025 10:15:17,EE Room(Square),52,,10,3
,,PARQ.PARQ.OE12F.EERoom(Triangle),07a8840e-239a-4bab-a924-8d4a211c66f9,02/19/2025 13:49:58,,,,PARQ.Office East Wing.12 Floor.EE Room(Triangle),712,,,07a8840e-239a-4bab-a924-8d4a211c66f9,11/26/2025 10:15:17,EE Room(Triangle),52,,10,3
,,PARQ.PARQ.OE12F.ICTRoom,07a8840e-239a-4bab-a924-8d4a211c66f9,02/19/2025 13:49:58,,,,PARQ.Office East Wing.12 Floor.ICT Room,713,,,07a8840e-239a-4bab-a924-8d4a211c66f9,11/26/2025 10:15:17,ICT Room,52,,10,3
,,PARQ.PARQ.OE12F.WomenToilet(Big),07a8840e-239a-4bab-a924-8d4a211c66f9,02/19/2025 13:49:58,,,,PARQ.Office East Wing.12 Floor.Women Toilet(Big),714,,,07a8840e-239a-4bab-a924-8d4a211c66f9,11/26/2025 10:15:17,Women Toilet(Big),52,,10,3
,,PARQ.PARQ.OE12F.WomenToilet(Small),07a8840e-239a-4bab-a924-8d4a211c66f9,02/19/2025 13:49:58,,,,PARQ.Office East Wing.12 Floor.Women Toilet(Small),715,,,07a8840e-239a-4bab-a924-8d4a211c66f9,11/26/2025 10:15:17,Women Toilet(Small),52,,10,3
,,PARQ.PARQ.OE12F.MenToilet,07a8840e-239a-4bab-a924-8d4a211c66f9,02/19/2025 13:49:58,,,,PARQ.Office East Wing.12 Floor.Men Toilet,716,,,07a8840e-239a-4bab-a924-8d4a211c66f9,11/26/2025 10:15:17,Men Toilet,52,,10,3
,,PARQ.PARQ.OE12F.AccessibleToilet,07a8840e-239a-4bab-a924-8d4a211c66f9,02/19/2025 13:49:58,,,,PARQ.Office East Wing.12 Floor.Accessible Toilet,717,,,07a8840e-239a-4bab-a924-8d4a211c66f9,11/26/2025 10:15:17,Accessible Toilet,52,,10,3
,,PARQ.PARQ.OE12F.ChangingRoom,07a8840e-239a-4bab-a924-8d4a211c66f9,02/19/2025 13:49:58,,,,PARQ.Office East Wing.12 Floor.Changing Room,718,,,07a8840e-239a-4bab-a924-8d4a211c66f9,11/26/2025 10:15:17,Changing Room,52,,10,3
,,PARQ.PARQ.OE12F.Pantry,07a8840e-239a-4bab-a924-8d4a211c66f9,02/19/2025 13:49:58,,,,PARQ.Office East Wing.12 Floor.Pantry,719,,,07a8840e-239a-4bab-a924-8d4a211c66f9,11/26/2025 10:15:17,Pantry,52,,10,3
,,PARQ.PARQ.OE12F.12E-16,07a8840e-239a-4bab-a924-8d4a211c66f9,02/19/2025 13:49:58,,,,PARQ.Office East Wing.12 Floor.12E-16(Minor),720,,,07a8840e-239a-4bab-a924-8d4a211c66f9,11/26/2025 10:15:17,12E-16(Minor),52,,10,3
,,PARQ.PARQ.OE12F.12E-17,07a8840e-239a-4bab-a924-8d4a211c66f9,02/19/2025 13:49:58,,,,PARQ.Office East Wing.12 Floor.12E-17(Minor),721,,,07a8840e-239a-4bab-a924-8d4a211c66f9,11/26/2025 10:15:17,12E-17(Minor),52,,10,3
,,PARQ.PARQ.OE12F.12E-18,07a8840e-239a-4bab-a924-8d4a211c66f9,02/19/2025 13:49:58,,,,PARQ.Office East Wing.12 Floor.12E-18(Minor),722,,,07a8840e-239a-4bab-a924-8d4a211c66f9,11/26/2025 10:15:17,12E-18(Minor),52,,10,3
,,PARQ.PARQ.OE12F.12E-19,07a8840e-239a-4bab-a924-8d4a211c66f9,02/19/2025 13:49:58,,,,PARQ.Office East Wing.12 Floor.12E-19(Minor),723,,,07a8840e-239a-4bab-a924-8d4a211c66f9,11/26/2025 10:15:17,12E-19(Minor),52,,10,3
,,PARQ.PARQ.OE12F.12E-20,07a8840e-239a-4bab-a924-8d4a211c66f9,02/19/2025 13:49:58,,,,PARQ.Office East Wing.12 Floor.12E-20(Minor),724,,,07a8840e-239a-4bab-a924-8d4a211c66f9,11/26/2025 10:15:17,12E-20(Minor),52,,10,3
,,PARQ.PARQ.OE12F.12E-21,07a8840e-239a-4bab-a924-8d4a211c66f9,02/19/2025 13:49:58,,,,PARQ.Office East Wing.12 Floor.12E-21(Minor),725,,,07a8840e-239a-4bab-a924-8d4a211c66f9,11/26/2025 10:15:17,12E-21(Minor),52,,10,3
,,PARQ.PARQ.OE12F.12E-22,07a8840e-239a-4bab-a924-8d4a211c66f9,02/19/2025 13:49:58,,,,PARQ.Office East Wing.12 Floor.12E-22(Minor),726,,,07a8840e-239a-4bab-a924-8d4a211c66f9,11/26/2025 10:15:17,12E-22(Minor),52,,10,3
,,PARQ.PARQ.OE12F.12E-23,07a8840e-239a-4bab-a924-8d4a211c66f9,02/19/2025 13:49:58,,,,PARQ.Office East Wing.12 Floor.12E-23(Minor),727,,,07a8840e-239a-4bab-a924-8d4a211c66f9,11/26/2025 10:15:17,12E-23(Minor),52,,10,3
,,PARQ.PARQ.OE12F.12E-24,07a8840e-239a-4bab-a924-8d4a211c66f9,02/19/2025 13:49:58,,,,PARQ.Office East Wing.12 Floor.12E-24(Minor),728,,,07a8840e-239a-4bab-a924-8d4a211c66f9,11/26/2025 10:15:17,12E-24(Minor),52,,10,3
,,PARQ.PARQ.OE12F.12E-25,07a8840e-239a-4bab-a924-8d4a211c66f9,02/19/2025 13:49:58,,,,PARQ.Office East Wing.12 Floor.12E-25(Minor),729,,,07a8840e-239a-4bab-a924-8d4a211c66f9,11/26/2025 10:15:17,12E-25(Minor),52,,10,3
,,PARQ.PARQ.OE12F.12E-26,07a8840e-239a-4bab-a924-8d4a211c66f9,02/19/2025 13:49:58,,,,PARQ.Office East Wing.12 Floor.12E-26(Minor),730,,,07a8840e-239a-4bab-a924-8d4a211c66f9,11/26/2025 10:15:17,12E-26(Minor),52,,10,3
,,PARQ.PARQ.OE12F.12E-27,07a8840e-239a-4bab-a924-8d4a211c66f9,02/19/2025 13:49:58,,,,PARQ.Office East Wing.12 Floor.12E-27(Minor),731,,,07a8840e-239a-4bab-a924-8d4a211c66f9,11/26/2025 10:15:17,12E-27(Minor),52,,10,3
,,PARQ.PARQ.OE12F.12E-28,07a8840e-239a-4bab-a924-8d4a211c66f9,02/19/2025 13:49:58,,,,PARQ.Office East Wing.12 Floor.12E-28(Minor),732,,,07a8840e-239a-4bab-a924-8d4a211c66f9,11/26/2025 10:15:17,12E-28(Minor),52,,10,3
,,PARQ.PARQ.OE12F.12E-29,07a8840e-239a-4bab-a924-8d4a211c66f9,02/19/2025 13:49:58,,,,PARQ.Office East Wing.12 Floor.12E-29(Minor),733,,,07a8840e-239a-4bab-a924-8d4a211c66f9,11/26/2025 10:15:17,12E-29(Minor),52,,10,3
,,PARQ.PARQ.OE12F.12E-30,07a8840e-239a-4bab-a924-8d4a211c66f9,02/19/2025 13:49:58,,,,PARQ.Office East Wing.12 Floor.12E-30(Minor),734,,,07a8840e-239a-4bab-a924-8d4a211c66f9,11/26/2025 10:15:17,12E-30(Minor),52,,10,3
,,"PARQ.PARQ.OW14F.AHURoom(No.1,4)",07a8840e-239a-4bab-a924-8d4a211c66f9,02/19/2025 13:49:58,,,,"PARQ.Office West Wing.14 Floor.AHU Room(No.1,4)",735,,,07a8840e-239a-4bab-a924-8d4a211c66f9,11/26/2025 10:15:17,"AHU Room(No.1,4)",36,,9,3
,,"PARQ.PARQ.OW14F.AHURoom(No.2,3)",07a8840e-239a-4bab-a924-8d4a211c66f9,02/19/2025 13:49:58,,,,"PARQ.Office West Wing.14 Floor.AHU Room(No.2,3)",736,,,07a8840e-239a-4bab-a924-8d4a211c66f9,11/26/2025 10:15:17,"AHU Room(No.2,3)",36,,9,3
,,PARQ.PARQ.OW14F.EERoom(Square),07a8840e-239a-4bab-a924-8d4a211c66f9,02/19/2025 13:49:58,,,,PARQ.Office West Wing.14 Floor.EE Room(Square),737,,,07a8840e-239a-4bab-a924-8d4a211c66f9,11/26/2025 10:15:17,EE Room(Square),36,,9,3
,,PARQ.PARQ.OW14F.EERoom(Triangle),07a8840e-239a-4bab-a924-8d4a211c66f9,02/19/2025 13:49:58,,,,PARQ.Office West Wing.14 Floor.EE Room(Triangle),738,,,07a8840e-239a-4bab-a924-8d4a211c66f9,11/26/2025 10:15:17,EE Room(Triangle),36,,9,3
,,PARQ.PARQ.OW14F.ICTRoom,07a8840e-239a-4bab-a924-8d4a211c66f9,02/19/2025 13:49:58,,,,PARQ.Office West Wing.14 Floor.ICT Room,739,,,07a8840e-239a-4bab-a924-8d4a211c66f9,11/26/2025 10:15:17,ICT Room,36,,9,3
,,PARQ.PARQ.OW14F.WomenToilet(Big),07a8840e-239a-4bab-a924-8d4a211c66f9,02/19/2025 13:49:58,,,,PARQ.Office West Wing.14 Floor.Women Toilet(Big),740,,,07a8840e-239a-4bab-a924-8d4a211c66f9,11/26/2025 10:15:17,Women Toilet(Big),36,,9,3
,,PARQ.PARQ.OW14F.WomenToilet(Small),07a8840e-239a-4bab-a924-8d4a211c66f9,02/19/2025 13:49:58,,,,PARQ.Office West Wing.14 Floor.Women Toilet(Small),741,,,07a8840e-239a-4bab-a924-8d4a211c66f9,11/26/2025 10:15:17,Women Toilet(Small),36,,9,3
,,PARQ.PARQ.OW14F.MenToilet,07a8840e-239a-4bab-a924-8d4a211c66f9,02/19/2025 13:49:58,,,,PARQ.Office West Wing.14 Floor.Men Toilet,742,,,07a8840e-239a-4bab-a924-8d4a211c66f9,11/26/2025 10:15:17,Men Toilet,36,,9,3
,,PARQ.PARQ.OW14F.AccessibleToilet,07a8840e-239a-4bab-a924-8d4a211c66f9,02/19/2025 13:49:58,,,,PARQ.Office West Wing.14 Floor.Accessible Toilet,743,,,07a8840e-239a-4bab-a924-8d4a211c66f9,11/26/2025 10:15:17,Accessible Toilet,36,,9,3
,,PARQ.PARQ.OW14F.ChangingRoom,07a8840e-239a-4bab-a924-8d4a211c66f9,02/19/2025 13:49:59,,,,PARQ.Office West Wing.14 Floor.Changing Room,744,,,07a8840e-239a-4bab-a924-8d4a211c66f9,11/26/2025 10:15:17,Changing Room,36,,9,3
,,PARQ.PARQ.OW14F.Pantry,07a8840e-239a-4bab-a924-8d4a211c66f9,02/19/2025 13:49:59,,,,PARQ.Office West Wing.14 Floor.Pantry,745,,,07a8840e-239a-4bab-a924-8d4a211c66f9,11/26/2025 10:15:17,Pantry,36,,9,3
,,PARQ.PARQ.OW14F.14W-01,07a8840e-239a-4bab-a924-8d4a211c66f9,02/19/2025 13:49:59,,,,PARQ.Office West Wing.14 Floor.14W-01(3M),746,,,07a8840e-239a-4bab-a924-8d4a211c66f9,11/26/2025 10:15:17,14W-01(3M),36,,9,3
,,PARQ.PARQ.OW14F.14W-02,07a8840e-239a-4bab-a924-8d4a211c66f9,02/19/2025 13:49:59,,,,PARQ.Office West Wing.14 Floor.14W-02(3M),747,,,07a8840e-239a-4bab-a924-8d4a211c66f9,11/26/2025 10:15:17,14W-02(3M),36,,9,3
,,PARQ.PARQ.OW14F.14W-03,07a8840e-239a-4bab-a924-8d4a211c66f9,02/19/2025 13:49:59,,,,PARQ.Office West Wing.14 Floor.14W-03(3M),748,,,07a8840e-239a-4bab-a924-8d4a211c66f9,11/26/2025 10:15:17,14W-03(3M),36,,9,3
,,PARQ.PARQ.OW14F.14W-04,07a8840e-239a-4bab-a924-8d4a211c66f9,02/19/2025 13:49:59,,,,PARQ.Office West Wing.14 Floor.14W-04(3M),749,,,07a8840e-239a-4bab-a924-8d4a211c66f9,11/26/2025 10:15:17,14W-04(3M),36,,9,3
,,PARQ.PARQ.OW14F.14W-05,07a8840e-239a-4bab-a924-8d4a211c66f9,02/19/2025 13:49:59,,,,PARQ.Office West Wing.14 Floor.14W-05(3M),750,,,07a8840e-239a-4bab-a924-8d4a211c66f9,11/26/2025 10:15:17,14W-05(3M),36,,9,3
,,PARQ.PARQ.OW14F.14W-06,07a8840e-239a-4bab-a924-8d4a211c66f9,02/19/2025 13:49:59,,,,PARQ.Office West Wing.14 Floor.14W-06(3M),751,,,07a8840e-239a-4bab-a924-8d4a211c66f9,11/26/2025 10:15:17,14W-06(3M),36,,9,3
,,PARQ.PARQ.OW14F.14W-07,07a8840e-239a-4bab-a924-8d4a211c66f9,02/19/2025 13:49:59,,,,PARQ.Office West Wing.14 Floor.14W-07(3M),752,,,07a8840e-239a-4bab-a924-8d4a211c66f9,11/26/2025 10:15:17,14W-07(3M),36,,9,3
,,PARQ.PARQ.OW14F.14W-08,07a8840e-239a-4bab-a924-8d4a211c66f9,02/19/2025 13:49:59,,,,PARQ.Office West Wing.14 Floor.14W-08(3M),753,,,07a8840e-239a-4bab-a924-8d4a211c66f9,11/26/2025 10:15:17,14W-08(3M),36,,9,3
,,PARQ.PARQ.OW14F.14W-09,07a8840e-239a-4bab-a924-8d4a211c66f9,02/19/2025 13:49:59,,,,PARQ.Office West Wing.14 Floor.14W-09(3M),754,,,07a8840e-239a-4bab-a924-8d4a211c66f9,11/26/2025 10:15:17,14W-09(3M),36,,9,3
,,PARQ.PARQ.OW14F.14W-10,07a8840e-239a-4bab-a924-8d4a211c66f9,02/19/2025 13:49:59,,,,PARQ.Office West Wing.14 Floor.14W-10(3M),755,,,07a8840e-239a-4bab-a924-8d4a211c66f9,11/26/2025 10:15:17,14W-10(3M),36,,9,3
,,PARQ.PARQ.OW14F.14W-11,07a8840e-239a-4bab-a924-8d4a211c66f9,02/19/2025 13:49:59,,,,PARQ.Office West Wing.14 Floor.14W-11(3M),756,,,07a8840e-239a-4bab-a924-8d4a211c66f9,11/26/2025 10:15:17,14W-11(3M),36,,9,3
,,PARQ.PARQ.OW14F.14W-12,07a8840e-239a-4bab-a924-8d4a211c66f9,02/19/2025 13:49:59,,,,PARQ.Office West Wing.14 Floor.14W-12(3M),757,,,07a8840e-239a-4bab-a924-8d4a211c66f9,11/26/2025 10:15:17,14W-12(3M),36,,9,3
,,PARQ.PARQ.OW14F.14W-13,07a8840e-239a-4bab-a924-8d4a211c66f9,02/19/2025 13:49:59,,,,PARQ.Office West Wing.14 Floor.14W-13(3M),758,,,07a8840e-239a-4bab-a924-8d4a211c66f9,11/26/2025 10:15:17,14W-13(3M),36,,9,3
,,PARQ.PARQ.OW14F.14W-14,07a8840e-239a-4bab-a924-8d4a211c66f9,02/19/2025 13:49:59,,,,PARQ.Office West Wing.14 Floor.14W-14(3M),759,,,07a8840e-239a-4bab-a924-8d4a211c66f9,11/26/2025 10:15:17,14W-14(3M),36,,9,3
,,PARQ.PARQ.OW14F.14W-15,07a8840e-239a-4bab-a924-8d4a211c66f9,02/19/2025 13:49:59,,,,PARQ.Office West Wing.14 Floor.14W-15(3M),760,,,07a8840e-239a-4bab-a924-8d4a211c66f9,11/26/2025 10:15:17,14W-15(3M),36,,9,3
,,"PARQ.PARQ.OE14F.AHURoom(No.1,4)",07a8840e-239a-4bab-a924-8d4a211c66f9,02/19/2025 13:49:59,,,,"PARQ.Office East Wing.14 Floor.AHU Room(No.1,4)",761,,,07a8840e-239a-4bab-a924-8d4a211c66f9,11/26/2025 10:15:17,"AHU Room(No.1,4)",53,,10,3
,,"PARQ.PARQ.OE14F.AHURoom(No.2,3)",07a8840e-239a-4bab-a924-8d4a211c66f9,02/19/2025 13:49:59,,,,"PARQ.Office East Wing.14 Floor.AHU Room(No.2,3)",762,,,07a8840e-239a-4bab-a924-8d4a211c66f9,11/26/2025 10:15:17,"AHU Room(No.2,3)",53,,10,3
,,PARQ.PARQ.OE14F.EERoom(Square),07a8840e-239a-4bab-a924-8d4a211c66f9,02/19/2025 13:49:59,,,,PARQ.Office East Wing.14 Floor.EE Room(Square),763,,,07a8840e-239a-4bab-a924-8d4a211c66f9,11/26/2025 10:15:17,EE Room(Square),53,,10,3
,,PARQ.PARQ.OE14F.EERoom(Triangle),07a8840e-239a-4bab-a924-8d4a211c66f9,02/19/2025 13:49:59,,,,PARQ.Office East Wing.14 Floor.EE Room(Triangle),764,,,07a8840e-239a-4bab-a924-8d4a211c66f9,11/26/2025 10:15:17,EE Room(Triangle),53,,10,3
,,PARQ.PARQ.OE14F.ICTRoom,07a8840e-239a-4bab-a924-8d4a211c66f9,02/19/2025 13:49:59,,,,PARQ.Office East Wing.14 Floor.ICT Room,765,,,07a8840e-239a-4bab-a924-8d4a211c66f9,11/26/2025 10:15:17,ICT Room,53,,10,3
,,PARQ.PARQ.OE14F.WomenToilet(Big),07a8840e-239a-4bab-a924-8d4a211c66f9,02/19/2025 13:49:59,,,,PARQ.Office East Wing.14 Floor.Women Toilet(Big),766,,,07a8840e-239a-4bab-a924-8d4a211c66f9,11/26/2025 10:15:17,Women Toilet(Big),53,,10,3
,,PARQ.PARQ.OE14F.WomenToilet(Small),07a8840e-239a-4bab-a924-8d4a211c66f9,02/19/2025 13:49:59,,,,PARQ.Office East Wing.14 Floor.Women Toilet(Small),767,,,07a8840e-239a-4bab-a924-8d4a211c66f9,11/26/2025 10:15:17,Women Toilet(Small),53,,10,3
,,PARQ.PARQ.OE14F.MenToilet,07a8840e-239a-4bab-a924-8d4a211c66f9,02/19/2025 13:49:59,,,,PARQ.Office East Wing.14 Floor.Men Toilet,768,,,07a8840e-239a-4bab-a924-8d4a211c66f9,11/26/2025 10:15:17,Men Toilet,53,,10,3
,,PARQ.PARQ.OE14F.AccessibleToilet,07a8840e-239a-4bab-a924-8d4a211c66f9,02/19/2025 13:49:59,,,,PARQ.Office East Wing.14 Floor.Accessible Toilet,769,,,07a8840e-239a-4bab-a924-8d4a211c66f9,11/26/2025 10:15:17,Accessible Toilet,53,,10,3
,,PARQ.PARQ.OE14F.ChangingRoom,07a8840e-239a-4bab-a924-8d4a211c66f9,02/19/2025 13:49:59,,,,PARQ.Office East Wing.14 Floor.Changing Room,770,,,07a8840e-239a-4bab-a924-8d4a211c66f9,11/26/2025 10:15:17,Changing Room,53,,10,3
,,PARQ.PARQ.OE14F.Pantry,07a8840e-239a-4bab-a924-8d4a211c66f9,02/19/2025 13:49:59,,,,PARQ.Office East Wing.14 Floor.Pantry,771,,,07a8840e-239a-4bab-a924-8d4a211c66f9,11/26/2025 10:15:17,Pantry,53,,10,3
,,PARQ.PARQ.OE14F.14E-16,07a8840e-239a-4bab-a924-8d4a211c66f9,02/19/2025 13:49:59,,,,PARQ.Office East Wing.14 Floor.14E-16(3M),772,,,07a8840e-239a-4bab-a924-8d4a211c66f9,11/26/2025 10:15:17,14E-16(3M),53,,10,3
,,PARQ.PARQ.OE14F.14E-17,07a8840e-239a-4bab-a924-8d4a211c66f9,02/19/2025 13:49:59,,,,PARQ.Office East Wing.14 Floor.14E-17(Vacant),773,,,07a8840e-239a-4bab-a924-8d4a211c66f9,11/26/2025 10:15:17,14E-17(Vacant),53,,10,3
,,PARQ.PARQ.OE14F.14E-18,07a8840e-239a-4bab-a924-8d4a211c66f9,02/19/2025 13:49:59,,,,PARQ.Office East Wing.14 Floor.14E-18(Vacant),774,,,07a8840e-239a-4bab-a924-8d4a211c66f9,11/26/2025 10:15:17,14E-18(Vacant),53,,10,3
,,PARQ.PARQ.OE14F.14E-19,07a8840e-239a-4bab-a924-8d4a211c66f9,02/19/2025 13:49:59,,,,PARQ.Office East Wing.14 Floor.14E-19(Vacant),775,,,07a8840e-239a-4bab-a924-8d4a211c66f9,11/26/2025 10:15:17,14E-19(Vacant),53,,10,3
,,PARQ.PARQ.OE14F.14E-20,07a8840e-239a-4bab-a924-8d4a211c66f9,02/19/2025 13:49:59,,,,PARQ.Office East Wing.14 Floor.14E-20(Vacant),776,,,07a8840e-239a-4bab-a924-8d4a211c66f9,11/26/2025 10:15:17,14E-20(Vacant),53,,10,3
,,PARQ.PARQ.OE14F.14E-21,07a8840e-239a-4bab-a924-8d4a211c66f9,02/19/2025 13:49:59,,,,PARQ.Office East Wing.14 Floor.14E-21(Vacant),777,,,07a8840e-239a-4bab-a924-8d4a211c66f9,11/26/2025 10:15:17,14E-21(Vacant),53,,10,3
,,PARQ.PARQ.OE14F.14E-22,07a8840e-239a-4bab-a924-8d4a211c66f9,02/19/2025 13:49:59,,,,PARQ.Office East Wing.14 Floor.14E-22(Vacant),778,,,07a8840e-239a-4bab-a924-8d4a211c66f9,11/26/2025 10:15:17,14E-22(Vacant),53,,10,3
,,PARQ.PARQ.OE14F.14E-23,07a8840e-239a-4bab-a924-8d4a211c66f9,02/19/2025 13:49:59,,,,PARQ.Office East Wing.14 Floor.14E-23(Vacant),779,,,07a8840e-239a-4bab-a924-8d4a211c66f9,11/26/2025 10:15:17,14E-23(Vacant),53,,10,3
,,PARQ.PARQ.OE14F.14E-24,07a8840e-239a-4bab-a924-8d4a211c66f9,02/19/2025 13:49:59,,,,PARQ.Office East Wing.14 Floor.14E-24(Vacant),780,,,07a8840e-239a-4bab-a924-8d4a211c66f9,11/26/2025 10:15:17,14E-24(Vacant),53,,10,3
,,PARQ.PARQ.OE14F.14E-25,07a8840e-239a-4bab-a924-8d4a211c66f9,02/19/2025 13:49:59,,,,PARQ.Office East Wing.14 Floor.14E-25(Vacant),781,,,07a8840e-239a-4bab-a924-8d4a211c66f9,11/26/2025 10:15:17,14E-25(Vacant),53,,10,3
,,PARQ.PARQ.OE14F.14E-26,07a8840e-239a-4bab-a924-8d4a211c66f9,02/19/2025 13:50:00,,,,PARQ.Office East Wing.14 Floor.14E-26(Vacant),782,,,07a8840e-239a-4bab-a924-8d4a211c66f9,11/26/2025 10:15:17,14E-26(Vacant),53,,10,3
,,PARQ.PARQ.OE14F.14E-27,07a8840e-239a-4bab-a924-8d4a211c66f9,02/19/2025 13:50:00,,,,PARQ.Office East Wing.14 Floor.14E-27(Vacant),783,,,07a8840e-239a-4bab-a924-8d4a211c66f9,11/26/2025 10:15:17,14E-27(Vacant),53,,10,3
,,PARQ.PARQ.OE14F.14E-28,07a8840e-239a-4bab-a924-8d4a211c66f9,02/19/2025 13:50:00,,,,PARQ.Office East Wing.14 Floor.14E-28(Vacant),784,,,07a8840e-239a-4bab-a924-8d4a211c66f9,11/26/2025 10:15:17,14E-28(Vacant),53,,10,3
,,PARQ.PARQ.OE14F.14E-29,07a8840e-239a-4bab-a924-8d4a211c66f9,02/19/2025 13:50:00,,,,PARQ.Office East Wing.14 Floor.14E-29(Vacant),785,,,07a8840e-239a-4bab-a924-8d4a211c66f9,11/26/2025 10:15:17,14E-29(Vacant),53,,10,3
,,PARQ.PARQ.OE14F.14E-30,07a8840e-239a-4bab-a924-8d4a211c66f9,02/19/2025 13:50:00,,,,PARQ.Office East Wing.14 Floor.14E-30(Vacant),786,,,07a8840e-239a-4bab-a924-8d4a211c66f9,11/26/2025 10:15:17,14E-30(Vacant),53,,10,3
,,"PARQ.PARQ.OW15F.AHURoom(No.1,4)",07a8840e-239a-4bab-a924-8d4a211c66f9,02/19/2025 13:50:00,,,,"PARQ.Office West Wing.15 Floor.AHU Room(No.1,4)",787,,,07a8840e-239a-4bab-a924-8d4a211c66f9,11/26/2025 10:15:17,"AHU Room(No.1,4)",37,,9,3
,,"PARQ.PARQ.OW15F.AHURoom(No.2,3)",07a8840e-239a-4bab-a924-8d4a211c66f9,02/19/2025 13:50:00,,,,"PARQ.Office West Wing.15 Floor.AHU Room(No.2,3)",788,,,07a8840e-239a-4bab-a924-8d4a211c66f9,11/26/2025 10:15:17,"AHU Room(No.2,3)",37,,9,3
,,PARQ.PARQ.OW15F.EERoom(Square),07a8840e-239a-4bab-a924-8d4a211c66f9,02/19/2025 13:50:00,,,,PARQ.Office West Wing.15 Floor.EE Room(Square),789,,,07a8840e-239a-4bab-a924-8d4a211c66f9,11/26/2025 10:15:17,EE Room(Square),37,,9,3
,,PARQ.PARQ.OW15F.EERoom(Triangle),07a8840e-239a-4bab-a924-8d4a211c66f9,02/19/2025 13:50:00,,,,PARQ.Office West Wing.15 Floor.EE Room(Triangle),790,,,07a8840e-239a-4bab-a924-8d4a211c66f9,11/26/2025 10:15:17,EE Room(Triangle),37,,9,3
,,PARQ.PARQ.OW15F.ICTRoom,07a8840e-239a-4bab-a924-8d4a211c66f9,02/19/2025 13:50:00,,,,PARQ.Office West Wing.15 Floor.ICT Room,791,,,07a8840e-239a-4bab-a924-8d4a211c66f9,11/26/2025 10:15:17,ICT Room,37,,9,3
,,PARQ.PARQ.OW15F.WomenToilet(Big),07a8840e-239a-4bab-a924-8d4a211c66f9,02/19/2025 13:50:00,,,,PARQ.Office West Wing.15 Floor.Women Toilet(Big),792,,,07a8840e-239a-4bab-a924-8d4a211c66f9,11/26/2025 10:15:17,Women Toilet(Big),37,,9,3
,,PARQ.PARQ.OW15F.WomenToilet(Small),07a8840e-239a-4bab-a924-8d4a211c66f9,02/19/2025 13:50:00,,,,PARQ.Office West Wing.15 Floor.Women Toilet(Small),793,,,07a8840e-239a-4bab-a924-8d4a211c66f9,11/26/2025 10:15:17,Women Toilet(Small),37,,9,3
,,PARQ.PARQ.OW15F.MenToilet,07a8840e-239a-4bab-a924-8d4a211c66f9,02/19/2025 13:50:00,,,,PARQ.Office West Wing.15 Floor.Men Toilet,794,,,07a8840e-239a-4bab-a924-8d4a211c66f9,11/26/2025 10:15:17,Men Toilet,37,,9,3
,,PARQ.PARQ.OW15F.AccessibleToilet,07a8840e-239a-4bab-a924-8d4a211c66f9,02/19/2025 13:50:00,,,,PARQ.Office West Wing.15 Floor.Accessible Toilet,795,,,07a8840e-239a-4bab-a924-8d4a211c66f9,11/26/2025 10:15:17,Accessible Toilet,37,,9,3
,,PARQ.PARQ.OW15F.ChangingRoom,07a8840e-239a-4bab-a924-8d4a211c66f9,02/19/2025 13:50:00,,,,PARQ.Office West Wing.15 Floor.Changing Room,796,,,07a8840e-239a-4bab-a924-8d4a211c66f9,11/26/2025 10:15:17,Changing Room,37,,9,3
,,PARQ.PARQ.OW15F.Pantry,07a8840e-239a-4bab-a924-8d4a211c66f9,02/19/2025 13:50:00,,,,PARQ.Office West Wing.15 Floor.Pantry,797,,,07a8840e-239a-4bab-a924-8d4a211c66f9,11/26/2025 10:15:17,Pantry,37,,9,3
,,PARQ.PARQ.OW15F.15W-01,07a8840e-239a-4bab-a924-8d4a211c66f9,02/19/2025 13:50:00,,,,PARQ.Office West Wing.15 Floor.15W-01(Suntory Baverage),798,,,07a8840e-239a-4bab-a924-8d4a211c66f9,11/26/2025 10:15:17,15W-01(Suntory Baverage),37,,9,3
,,PARQ.PARQ.OW15F.15W-02,07a8840e-239a-4bab-a924-8d4a211c66f9,02/19/2025 13:50:00,,,,PARQ.Office West Wing.15 Floor.15W-02(Suntory Baverage),799,,,07a8840e-239a-4bab-a924-8d4a211c66f9,11/26/2025 10:15:17,15W-02(Suntory Baverage),37,,9,3
,,PARQ.PARQ.OW15F.15W-03,07a8840e-239a-4bab-a924-8d4a211c66f9,02/19/2025 13:50:00,,,,PARQ.Office West Wing.15 Floor.15W-03(Suntory Baverage),800,,,07a8840e-239a-4bab-a924-8d4a211c66f9,11/26/2025 10:15:17,15W-03(Suntory Baverage),37,,9,3
,,PARQ.PARQ.OW15F.15W-04,07a8840e-239a-4bab-a924-8d4a211c66f9,02/19/2025 13:50:00,,,,PARQ.Office West Wing.15 Floor.15W-04(Suntory Baverage),801,,,07a8840e-239a-4bab-a924-8d4a211c66f9,11/26/2025 10:15:17,15W-04(Suntory Baverage),37,,9,3
,,PARQ.PARQ.OW15F.15W-05,07a8840e-239a-4bab-a924-8d4a211c66f9,02/19/2025 13:50:00,,,,PARQ.Office West Wing.15 Floor.15W-05(Suntory Baverage),802,,,07a8840e-239a-4bab-a924-8d4a211c66f9,11/26/2025 10:15:17,15W-05(Suntory Baverage),37,,9,3
,,PARQ.PARQ.OW15F.15W-06,07a8840e-239a-4bab-a924-8d4a211c66f9,02/19/2025 13:50:00,,,,PARQ.Office West Wing.15 Floor.15W-06(Suntory Baverage),803,,,07a8840e-239a-4bab-a924-8d4a211c66f9,11/26/2025 10:15:17,15W-06(Suntory Baverage),37,,9,3
,,PARQ.PARQ.OW15F.15W-07,07a8840e-239a-4bab-a924-8d4a211c66f9,02/19/2025 13:50:00,,,,PARQ.Office West Wing.15 Floor.15W-07(Suntory Baverage),804,,,07a8840e-239a-4bab-a924-8d4a211c66f9,11/26/2025 10:15:17,15W-07(Suntory Baverage),37,,9,3
,,PARQ.PARQ.OW15F.15W-08,07a8840e-239a-4bab-a924-8d4a211c66f9,02/19/2025 13:50:00,,,,PARQ.Office West Wing.15 Floor.15W-08(Suntory Baverage),805,,,07a8840e-239a-4bab-a924-8d4a211c66f9,11/26/2025 10:15:17,15W-08(Suntory Baverage),37,,9,3
,,PARQ.PARQ.OW15F.15W-09,07a8840e-239a-4bab-a924-8d4a211c66f9,02/19/2025 13:50:00,,,,PARQ.Office West Wing.15 Floor.15W-09(Suntory Baverage),806,,,07a8840e-239a-4bab-a924-8d4a211c66f9,11/26/2025 10:15:17,15W-09(Suntory Baverage),37,,9,3
,,PARQ.PARQ.OW15F.15W-10,07a8840e-239a-4bab-a924-8d4a211c66f9,02/19/2025 13:50:00,,,,PARQ.Office West Wing.15 Floor.15W-10(Suntory Baverage),807,,,07a8840e-239a-4bab-a924-8d4a211c66f9,11/26/2025 10:15:17,15W-10(Suntory Baverage),37,,9,3
,,PARQ.PARQ.OW15F.15W-11,07a8840e-239a-4bab-a924-8d4a211c66f9,02/19/2025 13:50:00,,,,PARQ.Office West Wing.15 Floor.15W-11(Suntory Baverage),808,,,07a8840e-239a-4bab-a924-8d4a211c66f9,11/26/2025 10:15:17,15W-11(Suntory Baverage),37,,9,3
,,PARQ.PARQ.OW15F.15W-12,07a8840e-239a-4bab-a924-8d4a211c66f9,02/19/2025 13:50:00,,,,PARQ.Office West Wing.15 Floor.15W-12(Suntory Baverage),809,,,07a8840e-239a-4bab-a924-8d4a211c66f9,11/26/2025 10:15:17,15W-12(Suntory Baverage),37,,9,3
,,PARQ.PARQ.OW15F.15W-13,07a8840e-239a-4bab-a924-8d4a211c66f9,02/19/2025 13:50:00,,,,PARQ.Office West Wing.15 Floor.15W-13(Suntory Baverage),810,,,07a8840e-239a-4bab-a924-8d4a211c66f9,11/26/2025 10:15:17,15W-13(Suntory Baverage),37,,9,3
,,PARQ.PARQ.OW15F.15W-14,07a8840e-239a-4bab-a924-8d4a211c66f9,02/19/2025 13:50:00,,,,PARQ.Office West Wing.15 Floor.15W-14(Suntory Baverage),811,,,07a8840e-239a-4bab-a924-8d4a211c66f9,11/26/2025 10:15:17,15W-14(Suntory Baverage),37,,9,3
,,PARQ.PARQ.OW15F.15W-15,07a8840e-239a-4bab-a924-8d4a211c66f9,02/19/2025 13:50:00,,,,PARQ.Office West Wing.15 Floor.15W-15(Suntory Baverage),812,,,07a8840e-239a-4bab-a924-8d4a211c66f9,11/26/2025 10:15:17,15W-15(Suntory Baverage),37,,9,3
,,"PARQ.PARQ.OE15F.AHURoom(No.1,4)",07a8840e-239a-4bab-a924-8d4a211c66f9,02/19/2025 13:50:00,,,,"PARQ.Office East Wing.15 Floor.AHU Room(No.1,4)",813,,,07a8840e-239a-4bab-a924-8d4a211c66f9,11/26/2025 10:15:17,"AHU Room(No.1,4)",54,,10,3
,,"PARQ.PARQ.OE15F.AHURoom(No.2,3)",07a8840e-239a-4bab-a924-8d4a211c66f9,02/19/2025 13:50:00,,,,"PARQ.Office East Wing.15 Floor.AHU Room(No.2,3)",814,,,07a8840e-239a-4bab-a924-8d4a211c66f9,11/26/2025 10:15:17,"AHU Room(No.2,3)",54,,10,3
,,PARQ.PARQ.OE15F.EERoom(Square),07a8840e-239a-4bab-a924-8d4a211c66f9,02/19/2025 13:50:00,,,,PARQ.Office East Wing.15 Floor.EE Room(Square),815,,,07a8840e-239a-4bab-a924-8d4a211c66f9,11/26/2025 10:15:17,EE Room(Square),54,,10,3
,,PARQ.PARQ.OE15F.EERoom(Triangle),07a8840e-239a-4bab-a924-8d4a211c66f9,02/19/2025 13:50:00,,,,PARQ.Office East Wing.15 Floor.EE Room(Triangle),816,,,07a8840e-239a-4bab-a924-8d4a211c66f9,11/26/2025 10:15:17,EE Room(Triangle),54,,10,3
,,PARQ.PARQ.OE15F.ICTRoom,07a8840e-239a-4bab-a924-8d4a211c66f9,02/19/2025 13:50:01,,,,PARQ.Office East Wing.15 Floor.ICT Room,817,,,07a8840e-239a-4bab-a924-8d4a211c66f9,11/26/2025 10:15:17,ICT Room,54,,10,3
,,PARQ.PARQ.OE15F.WomenToilet(Big),07a8840e-239a-4bab-a924-8d4a211c66f9,02/19/2025 13:50:01,,,,PARQ.Office East Wing.15 Floor.Women Toilet(Big),818,,,07a8840e-239a-4bab-a924-8d4a211c66f9,11/26/2025 10:15:17,Women Toilet(Big),54,,10,3
,,PARQ.PARQ.OE15F.WomenToilet(Small),07a8840e-239a-4bab-a924-8d4a211c66f9,02/19/2025 13:50:01,,,,PARQ.Office East Wing.15 Floor.Women Toilet(Small),819,,,07a8840e-239a-4bab-a924-8d4a211c66f9,11/26/2025 10:15:17,Women Toilet(Small),54,,10,3
,,PARQ.PARQ.OE15F.MenToilet,07a8840e-239a-4bab-a924-8d4a211c66f9,02/19/2025 13:50:01,,,,PARQ.Office East Wing.15 Floor.Men Toilet,820,,,07a8840e-239a-4bab-a924-8d4a211c66f9,11/26/2025 10:15:17,Men Toilet,54,,10,3
,,PARQ.PARQ.OE15F.AccessibleToilet,07a8840e-239a-4bab-a924-8d4a211c66f9,02/19/2025 13:50:01,,,,PARQ.Office East Wing.15 Floor.Accessible Toilet,821,,,07a8840e-239a-4bab-a924-8d4a211c66f9,11/26/2025 10:15:17,Accessible Toilet,54,,10,3
,,PARQ.PARQ.OE15F.ChangingRoom,07a8840e-239a-4bab-a924-8d4a211c66f9,02/19/2025 13:50:01,,,,PARQ.Office East Wing.15 Floor.Changing Room,822,,,07a8840e-239a-4bab-a924-8d4a211c66f9,11/26/2025 10:15:17,Changing Room,54,,10,3
,,PARQ.PARQ.OE15F.Pantry,07a8840e-239a-4bab-a924-8d4a211c66f9,02/19/2025 13:50:01,,,,PARQ.Office East Wing.15 Floor.Pantry,823,,,07a8840e-239a-4bab-a924-8d4a211c66f9,11/26/2025 10:15:17,Pantry,54,,10,3
,,PARQ.PARQ.OE15F.15E-16,07a8840e-239a-4bab-a924-8d4a211c66f9,02/19/2025 13:50:01,,,,PARQ.Office East Wing.15 Floor.15E-16(Suntory Baverage),824,,,07a8840e-239a-4bab-a924-8d4a211c66f9,11/26/2025 10:15:17,15E-16(Suntory Baverage),54,,10,3
,,PARQ.PARQ.OE15F.15E-17,07a8840e-239a-4bab-a924-8d4a211c66f9,02/19/2025 13:50:01,,,,PARQ.Office East Wing.15 Floor.15E-17(Suntory Pepsi),825,,,07a8840e-239a-4bab-a924-8d4a211c66f9,11/26/2025 10:15:17,15E-17(Suntory Pepsi),54,,10,3
,,PARQ.PARQ.OE15F.15E-18,07a8840e-239a-4bab-a924-8d4a211c66f9,02/19/2025 13:50:01,,,,PARQ.Office East Wing.15 Floor.15E-18(Suntory Pepsi),826,,,07a8840e-239a-4bab-a924-8d4a211c66f9,11/26/2025 10:15:17,15E-18(Suntory Pepsi),54,,10,3
,,PARQ.PARQ.OE15F.15E-19,07a8840e-239a-4bab-a924-8d4a211c66f9,02/19/2025 13:50:01,,,,PARQ.Office East Wing.15 Floor.15E-19(Suntory Pepsi),827,,,07a8840e-239a-4bab-a924-8d4a211c66f9,11/26/2025 10:15:17,15E-19(Suntory Pepsi),54,,10,3
,,PARQ.PARQ.OE15F.15E-20,07a8840e-239a-4bab-a924-8d4a211c66f9,02/19/2025 13:50:01,,,,PARQ.Office East Wing.15 Floor.15E-20(Suntory Pepsi),828,,,07a8840e-239a-4bab-a924-8d4a211c66f9,11/26/2025 10:15:17,15E-20(Suntory Pepsi),54,,10,3
,,PARQ.PARQ.OE15F.15E-21,07a8840e-239a-4bab-a924-8d4a211c66f9,02/19/2025 13:50:01,,,,PARQ.Office East Wing.15 Floor.15E-21(Suntory Pepsi),829,,,07a8840e-239a-4bab-a924-8d4a211c66f9,11/26/2025 10:15:17,15E-21(Suntory Pepsi),54,,10,3
,,PARQ.PARQ.OE15F.15E-22,07a8840e-239a-4bab-a924-8d4a211c66f9,02/19/2025 13:50:01,,,,PARQ.Office East Wing.15 Floor.15E-22(Suntory Pepsi),830,,,07a8840e-239a-4bab-a924-8d4a211c66f9,11/26/2025 10:15:17,15E-22(Suntory Pepsi),54,,10,3
,,PARQ.PARQ.OE15F.15E-23,07a8840e-239a-4bab-a924-8d4a211c66f9,02/19/2025 13:50:01,,,,PARQ.Office East Wing.15 Floor.15E-23(Suntory Pepsi),831,,,07a8840e-239a-4bab-a924-8d4a211c66f9,11/26/2025 10:15:17,15E-23(Suntory Pepsi),54,,10,3
,,PARQ.PARQ.OE15F.15E-24,07a8840e-239a-4bab-a924-8d4a211c66f9,02/19/2025 13:50:01,,,,PARQ.Office East Wing.15 Floor.15E-24(Suntory Pepsi),832,,,07a8840e-239a-4bab-a924-8d4a211c66f9,11/26/2025 10:15:17,15E-24(Suntory Pepsi),54,,10,3
,,PARQ.PARQ.OE15F.15E-25,07a8840e-239a-4bab-a924-8d4a211c66f9,02/19/2025 13:50:01,,,,PARQ.Office East Wing.15 Floor.15E-25(Suntory Pepsi),833,,,07a8840e-239a-4bab-a924-8d4a211c66f9,11/26/2025 10:15:17,15E-25(Suntory Pepsi),54,,10,3
,,PARQ.PARQ.OE15F.15E-26,07a8840e-239a-4bab-a924-8d4a211c66f9,02/19/2025 13:50:01,,,,PARQ.Office East Wing.15 Floor.15E-26(Suntory Pepsi),834,,,07a8840e-239a-4bab-a924-8d4a211c66f9,11/26/2025 10:15:17,15E-26(Suntory Pepsi),54,,10,3
,,PARQ.PARQ.OE15F.15E-27,07a8840e-239a-4bab-a924-8d4a211c66f9,02/19/2025 13:50:01,,,,PARQ.Office East Wing.15 Floor.15E-27(Suntory Pepsi),835,,,07a8840e-239a-4bab-a924-8d4a211c66f9,11/26/2025 10:15:17,15E-27(Suntory Pepsi),54,,10,3
,,PARQ.PARQ.OE15F.15E-28,07a8840e-239a-4bab-a924-8d4a211c66f9,02/19/2025 13:50:01,,,,PARQ.Office East Wing.15 Floor.15E-28(Suntory Pepsi),836,,,07a8840e-239a-4bab-a924-8d4a211c66f9,11/26/2025 10:15:17,15E-28(Suntory Pepsi),54,,10,3
,,PARQ.PARQ.OE15F.15E-29,07a8840e-239a-4bab-a924-8d4a211c66f9,02/19/2025 13:50:01,,,,PARQ.Office East Wing.15 Floor.15E-29(Suntory Pepsi),837,,,07a8840e-239a-4bab-a924-8d4a211c66f9,11/26/2025 10:15:17,15E-29(Suntory Pepsi),54,,10,3
,,PARQ.PARQ.OE15F.15E-30,07a8840e-239a-4bab-a924-8d4a211c66f9,02/19/2025 13:50:01,,,,PARQ.Office East Wing.15 Floor.15E-30(Suntory Pepsi),838,,,07a8840e-239a-4bab-a924-8d4a211c66f9,11/26/2025 10:15:17,15E-30(Suntory Pepsi),54,,10,3
,,"PARQ.PARQ.OW16F.AHURoom(No.1,4)",07a8840e-239a-4bab-a924-8d4a211c66f9,02/19/2025 13:50:01,,,,"PARQ.Office West Wing.16 Floor.AHU Room(No.1,4)",839,,,07a8840e-239a-4bab-a924-8d4a211c66f9,11/26/2025 10:15:17,"AHU Room(No.1,4)",38,,9,3
,,"PARQ.PARQ.OW16F.AHURoom(No.2,3)",07a8840e-239a-4bab-a924-8d4a211c66f9,02/19/2025 13:50:01,,,,"PARQ.Office West Wing.16 Floor.AHU Room(No.2,3)",840,,,07a8840e-239a-4bab-a924-8d4a211c66f9,11/26/2025 10:15:17,"AHU Room(No.2,3)",38,,9,3
,,PARQ.PARQ.OW16F.EERoom(Square),07a8840e-239a-4bab-a924-8d4a211c66f9,02/19/2025 13:50:01,,,,PARQ.Office West Wing.16 Floor.EE Room(Square),841,,,07a8840e-239a-4bab-a924-8d4a211c66f9,11/26/2025 10:15:17,EE Room(Square),38,,9,3
,,PARQ.PARQ.OW16F.EERoom(Triangle),07a8840e-239a-4bab-a924-8d4a211c66f9,02/19/2025 13:50:01,,,,PARQ.Office West Wing.16 Floor.EE Room(Triangle),842,,,07a8840e-239a-4bab-a924-8d4a211c66f9,11/26/2025 10:15:17,EE Room(Triangle),38,,9,3
,,PARQ.PARQ.OW16F.ICTRoom,07a8840e-239a-4bab-a924-8d4a211c66f9,02/19/2025 13:50:01,,,,PARQ.Office West Wing.16 Floor.ICT Room,843,,,07a8840e-239a-4bab-a924-8d4a211c66f9,11/26/2025 10:15:17,ICT Room,38,,9,3
,,PARQ.PARQ.OW16F.WomenToilet(Big),07a8840e-239a-4bab-a924-8d4a211c66f9,02/19/2025 13:50:01,,,,PARQ.Office West Wing.16 Floor.Women Toilet(Big),844,,,07a8840e-239a-4bab-a924-8d4a211c66f9,11/26/2025 10:15:17,Women Toilet(Big),38,,9,3
,,PARQ.PARQ.OW16F.WomenToilet(Small),07a8840e-239a-4bab-a924-8d4a211c66f9,02/19/2025 13:50:01,,,,PARQ.Office West Wing.16 Floor.Women Toilet(Small),845,,,07a8840e-239a-4bab-a924-8d4a211c66f9,11/26/2025 10:15:17,Women Toilet(Small),38,,9,3
,,PARQ.PARQ.OW16F.MenToilet,07a8840e-239a-4bab-a924-8d4a211c66f9,02/19/2025 13:50:01,,,,PARQ.Office West Wing.16 Floor.Men Toilet,846,,,07a8840e-239a-4bab-a924-8d4a211c66f9,11/26/2025 10:15:17,Men Toilet,38,,9,3
,,PARQ.PARQ.OW16F.AccessibleToilet,07a8840e-239a-4bab-a924-8d4a211c66f9,02/19/2025 13:50:01,,,,PARQ.Office West Wing.16 Floor.Accessible Toilet,847,,,07a8840e-239a-4bab-a924-8d4a211c66f9,11/26/2025 10:15:17,Accessible Toilet,38,,9,3
,,PARQ.PARQ.OW16F.ChangingRoom,07a8840e-239a-4bab-a924-8d4a211c66f9,02/19/2025 13:50:01,,,,PARQ.Office West Wing.16 Floor.Changing Room,848,,,07a8840e-239a-4bab-a924-8d4a211c66f9,11/26/2025 10:15:17,Changing Room,38,,9,3
,,PARQ.PARQ.OW16F.Pantry,07a8840e-239a-4bab-a924-8d4a211c66f9,02/19/2025 13:50:01,,,,PARQ.Office West Wing.16 Floor.Pantry,849,,,07a8840e-239a-4bab-a924-8d4a211c66f9,11/26/2025 10:15:17,Pantry,38,,9,3
,,PARQ.PARQ.OW16F.16W-01,07a8840e-239a-4bab-a924-8d4a211c66f9,02/19/2025 13:50:01,,,,PARQ.Office West Wing.16 Floor.16W-01(GrabTaxi),850,,,07a8840e-239a-4bab-a924-8d4a211c66f9,11/26/2025 10:15:17,16W-01(GrabTaxi),38,,9,3
,,PARQ.PARQ.OW16F.16W-02,07a8840e-239a-4bab-a924-8d4a211c66f9,02/19/2025 13:50:01,,,,PARQ.Office West Wing.16 Floor.16W-02(GrabTaxi),851,,,07a8840e-239a-4bab-a924-8d4a211c66f9,11/26/2025 10:15:17,16W-02(GrabTaxi),38,,9,3
,,PARQ.PARQ.OW16F.16W-03,07a8840e-239a-4bab-a924-8d4a211c66f9,02/19/2025 13:50:01,,,,PARQ.Office West Wing.16 Floor.16W-03(GrabTaxi),852,,,07a8840e-239a-4bab-a924-8d4a211c66f9,11/26/2025 10:15:17,16W-03(GrabTaxi),38,,9,3
,,PARQ.PARQ.OW16F.16W-04,07a8840e-239a-4bab-a924-8d4a211c66f9,02/19/2025 13:50:01,,,,PARQ.Office West Wing.16 Floor.16W-04(GrabTaxi),853,,,07a8840e-239a-4bab-a924-8d4a211c66f9,11/26/2025 10:15:17,16W-04(GrabTaxi),38,,9,3
,,PARQ.PARQ.OW16F.16W-05,07a8840e-239a-4bab-a924-8d4a211c66f9,02/19/2025 13:50:02,,,,PARQ.Office West Wing.16 Floor.16W-05(GrabTaxi),854,,,07a8840e-239a-4bab-a924-8d4a211c66f9,11/26/2025 10:15:17,16W-05(GrabTaxi),38,,9,3
,,PARQ.PARQ.OW16F.16W-06,07a8840e-239a-4bab-a924-8d4a211c66f9,02/19/2025 13:50:02,,,,PARQ.Office West Wing.16 Floor.16W-06(GrabTaxi),855,,,07a8840e-239a-4bab-a924-8d4a211c66f9,11/26/2025 10:15:17,16W-06(GrabTaxi),38,,9,3
,,PARQ.PARQ.OW16F.16W-07,07a8840e-239a-4bab-a924-8d4a211c66f9,02/19/2025 13:50:02,,,,PARQ.Office West Wing.16 Floor.16W-07(GrabTaxi),856,,,07a8840e-239a-4bab-a924-8d4a211c66f9,11/26/2025 10:15:17,16W-07(GrabTaxi),38,,9,3
,,PARQ.PARQ.OW16F.16W-08,07a8840e-239a-4bab-a924-8d4a211c66f9,02/19/2025 13:50:02,,,,PARQ.Office West Wing.16 Floor.16W-08(GrabTaxi),857,,,07a8840e-239a-4bab-a924-8d4a211c66f9,11/26/2025 10:15:17,16W-08(GrabTaxi),38,,9,3
,,PARQ.PARQ.OW16F.16W-09,07a8840e-239a-4bab-a924-8d4a211c66f9,02/19/2025 13:50:02,,,,PARQ.Office West Wing.16 Floor.16W-09(GrabTaxi),858,,,07a8840e-239a-4bab-a924-8d4a211c66f9,11/26/2025 10:15:17,16W-09(GrabTaxi),38,,9,3
,,PARQ.PARQ.OW16F.16W-10,07a8840e-239a-4bab-a924-8d4a211c66f9,02/19/2025 13:50:02,,,,PARQ.Office West Wing.16 Floor.16W-10(GrabTaxi),859,,,07a8840e-239a-4bab-a924-8d4a211c66f9,11/26/2025 10:15:17,16W-10(GrabTaxi),38,,9,3
,,PARQ.PARQ.OW16F.16W-11,07a8840e-239a-4bab-a924-8d4a211c66f9,02/19/2025 13:50:02,,,,PARQ.Office West Wing.16 Floor.16W-11(GrabTaxi),860,,,07a8840e-239a-4bab-a924-8d4a211c66f9,11/26/2025 10:15:17,16W-11(GrabTaxi),38,,9,3
,,PARQ.PARQ.OW16F.16W-12,07a8840e-239a-4bab-a924-8d4a211c66f9,02/19/2025 13:50:02,,,,PARQ.Office West Wing.16 Floor.16W-12(Novus),861,,,07a8840e-239a-4bab-a924-8d4a211c66f9,11/26/2025 10:15:17,16W-12(Novus),38,,9,3
,,PARQ.PARQ.OW16F.16W-13,07a8840e-239a-4bab-a924-8d4a211c66f9,02/19/2025 13:50:02,,,,PARQ.Office West Wing.16 Floor.16W-13(Novus),862,,,07a8840e-239a-4bab-a924-8d4a211c66f9,11/26/2025 10:15:17,16W-13(Novus),38,,9,3
,,PARQ.PARQ.OW16F.16W-14,07a8840e-239a-4bab-a924-8d4a211c66f9,02/19/2025 13:50:02,,,,PARQ.Office West Wing.16 Floor.16W-14(Letastone),863,,,07a8840e-239a-4bab-a924-8d4a211c66f9,11/26/2025 10:15:17,16W-14(Letastone),38,,9,3
,,PARQ.PARQ.OW16F.16W-15,07a8840e-239a-4bab-a924-8d4a211c66f9,02/19/2025 13:50:02,,,,PARQ.Office West Wing.16 Floor.16W-15(Vacant),864,,,07a8840e-239a-4bab-a924-8d4a211c66f9,11/26/2025 10:15:17,16W-15(Vacant),38,,9,3
,,"PARQ.PARQ.OE16F.AHURoom(No.1,4)",07a8840e-239a-4bab-a924-8d4a211c66f9,02/19/2025 13:50:02,,,,"PARQ.Office East Wing.16 Floor.AHU Room(No.1,4)",865,,,07a8840e-239a-4bab-a924-8d4a211c66f9,11/26/2025 10:15:17,"AHU Room(No.1,4)",55,,10,3
,,"PARQ.PARQ.OE16F.AHURoom(No.2,3)",07a8840e-239a-4bab-a924-8d4a211c66f9,02/19/2025 13:50:02,,,,"PARQ.Office East Wing.16 Floor.AHU Room(No.2,3)",866,,,07a8840e-239a-4bab-a924-8d4a211c66f9,11/26/2025 10:15:17,"AHU Room(No.2,3)",55,,10,3
,,PARQ.PARQ.OE16F.EERoom(Square),07a8840e-239a-4bab-a924-8d4a211c66f9,02/19/2025 13:50:02,,,,PARQ.Office East Wing.16 Floor.EE Room(Square),867,,,07a8840e-239a-4bab-a924-8d4a211c66f9,11/26/2025 10:15:17,EE Room(Square),55,,10,3
,,PARQ.PARQ.OE16F.EERoom(Triangle),07a8840e-239a-4bab-a924-8d4a211c66f9,02/19/2025 13:50:02,,,,PARQ.Office East Wing.16 Floor.EE Room(Triangle),868,,,07a8840e-239a-4bab-a924-8d4a211c66f9,11/26/2025 10:15:17,EE Room(Triangle),55,,10,3
,,PARQ.PARQ.OE16F.ICTRoom,07a8840e-239a-4bab-a924-8d4a211c66f9,02/19/2025 13:50:02,,,,PARQ.Office East Wing.16 Floor.ICT Room,869,,,07a8840e-239a-4bab-a924-8d4a211c66f9,11/26/2025 10:15:17,ICT Room,55,,10,3
,,PARQ.PARQ.OE16F.WomenToilet(Big),07a8840e-239a-4bab-a924-8d4a211c66f9,02/19/2025 13:50:02,,,,PARQ.Office East Wing.16 Floor.Women Toilet(Big),870,,,07a8840e-239a-4bab-a924-8d4a211c66f9,11/26/2025 10:15:17,Women Toilet(Big),55,,10,3
,,PARQ.PARQ.OE16F.WomenToilet(Small),07a8840e-239a-4bab-a924-8d4a211c66f9,02/19/2025 13:50:02,,,,PARQ.Office East Wing.16 Floor.Women Toilet(Small),871,,,07a8840e-239a-4bab-a924-8d4a211c66f9,11/26/2025 10:15:17,Women Toilet(Small),55,,10,3
,,PARQ.PARQ.OE16F.MenToilet,07a8840e-239a-4bab-a924-8d4a211c66f9,02/19/2025 13:50:02,,,,PARQ.Office East Wing.16 Floor.Men Toilet,872,,,07a8840e-239a-4bab-a924-8d4a211c66f9,11/26/2025 10:15:17,Men Toilet,55,,10,3
,,PARQ.PARQ.OE16F.AccessibleToilet,07a8840e-239a-4bab-a924-8d4a211c66f9,02/19/2025 13:50:02,,,,PARQ.Office East Wing.16 Floor.Accessible Toilet,873,,,07a8840e-239a-4bab-a924-8d4a211c66f9,11/26/2025 10:15:17,Accessible Toilet,55,,10,3
,,PARQ.PARQ.OE16F.ChangingRoom,07a8840e-239a-4bab-a924-8d4a211c66f9,02/19/2025 13:50:02,,,,PARQ.Office East Wing.16 Floor.Changing Room,874,,,07a8840e-239a-4bab-a924-8d4a211c66f9,11/26/2025 10:15:17,Changing Room,55,,10,3
,,PARQ.PARQ.OE16F.Pantry,07a8840e-239a-4bab-a924-8d4a211c66f9,02/19/2025 13:50:02,,,,PARQ.Office East Wing.16 Floor.Pantry,875,,,07a8840e-239a-4bab-a924-8d4a211c66f9,11/26/2025 10:15:17,Pantry,55,,10,3
,,PARQ.PARQ.OE16F.16E-16,07a8840e-239a-4bab-a924-8d4a211c66f9,02/19/2025 13:50:02,,,,PARQ.Office East Wing.16 Floor.16E-16(GrabTaxi),876,,,07a8840e-239a-4bab-a924-8d4a211c66f9,11/26/2025 10:15:17,16E-16(GrabTaxi),55,,10,3
,,PARQ.PARQ.OE16F.16E-17,07a8840e-239a-4bab-a924-8d4a211c66f9,02/19/2025 13:50:02,,,,PARQ.Office East Wing.16 Floor.16E-17(GrabTaxi),877,,,07a8840e-239a-4bab-a924-8d4a211c66f9,11/26/2025 10:15:17,16E-17(GrabTaxi),55,,10,3
,,PARQ.PARQ.OE16F.16E-18,07a8840e-239a-4bab-a924-8d4a211c66f9,02/19/2025 13:50:02,,,,PARQ.Office East Wing.16 Floor.16E-18(GrabTaxi),878,,,07a8840e-239a-4bab-a924-8d4a211c66f9,11/26/2025 10:15:17,16E-18(GrabTaxi),55,,10,3
,,PARQ.PARQ.OE16F.16E-19,07a8840e-239a-4bab-a924-8d4a211c66f9,02/19/2025 13:50:02,,,,PARQ.Office East Wing.16 Floor.16E-19(GrabTaxi),879,,,07a8840e-239a-4bab-a924-8d4a211c66f9,11/26/2025 10:15:17,16E-19(GrabTaxi),55,,10,3
,,PARQ.PARQ.OE16F.16E-20,07a8840e-239a-4bab-a924-8d4a211c66f9,02/19/2025 13:50:02,,,,PARQ.Office East Wing.16 Floor.16E-20(GrabTaxi),880,,,07a8840e-239a-4bab-a924-8d4a211c66f9,11/26/2025 10:15:17,16E-20(GrabTaxi),55,,10,3
,,PARQ.PARQ.OE16F.16E-21,07a8840e-239a-4bab-a924-8d4a211c66f9,02/19/2025 13:50:02,,,,PARQ.Office East Wing.16 Floor.16E-21(GrabTaxi),881,,,07a8840e-239a-4bab-a924-8d4a211c66f9,11/26/2025 10:15:17,16E-21(GrabTaxi),55,,10,3
,,PARQ.PARQ.OE16F.16E-22,07a8840e-239a-4bab-a924-8d4a211c66f9,02/19/2025 13:50:02,,,,PARQ.Office East Wing.16 Floor.16E-22(GrabTaxi),882,,,07a8840e-239a-4bab-a924-8d4a211c66f9,11/26/2025 10:15:17,16E-22(GrabTaxi),55,,10,3
,,PARQ.PARQ.OE16F.16E-23,07a8840e-239a-4bab-a924-8d4a211c66f9,02/19/2025 13:50:02,,,,PARQ.Office East Wing.16 Floor.16E-23(GrabTaxi),883,,,07a8840e-239a-4bab-a924-8d4a211c66f9,11/26/2025 10:15:17,16E-23(GrabTaxi),55,,10,3
,,PARQ.PARQ.OE16F.16E-24,07a8840e-239a-4bab-a924-8d4a211c66f9,02/19/2025 13:50:02,,,,PARQ.Office East Wing.16 Floor.16E-24(GrabTaxi),884,,,07a8840e-239a-4bab-a924-8d4a211c66f9,11/26/2025 10:15:17,16E-24(GrabTaxi),55,,10,3
,,PARQ.PARQ.OE16F.16E-25,07a8840e-239a-4bab-a924-8d4a211c66f9,02/19/2025 13:50:02,,,,PARQ.Office East Wing.16 Floor.16E-25(GrabTaxi),885,,,07a8840e-239a-4bab-a924-8d4a211c66f9,11/26/2025 10:15:17,16E-25(GrabTaxi),55,,10,3
,,PARQ.PARQ.OE16F.16E-26,07a8840e-239a-4bab-a924-8d4a211c66f9,02/19/2025 13:50:02,,,,PARQ.Office East Wing.16 Floor.16E-26(GrabTaxi),886,,,07a8840e-239a-4bab-a924-8d4a211c66f9,11/26/2025 10:15:17,16E-26(GrabTaxi),55,,10,3
,,PARQ.PARQ.OE16F.16E-27,07a8840e-239a-4bab-a924-8d4a211c66f9,02/19/2025 13:50:02,,,,PARQ.Office East Wing.16 Floor.16E-27(GrabTaxi),887,,,07a8840e-239a-4bab-a924-8d4a211c66f9,11/26/2025 10:15:17,16E-27(GrabTaxi),55,,10,3
,,PARQ.PARQ.OE16F.16E-28,07a8840e-239a-4bab-a924-8d4a211c66f9,02/19/2025 13:50:02,,,,PARQ.Office East Wing.16 Floor.16E-28(GrabTaxi),888,,,07a8840e-239a-4bab-a924-8d4a211c66f9,11/26/2025 10:15:17,16E-28(GrabTaxi),55,,10,3
,,PARQ.PARQ.OE16F.16E-29,07a8840e-239a-4bab-a924-8d4a211c66f9,02/19/2025 13:50:02,,,,PARQ.Office East Wing.16 Floor.16E-29(GrabTaxi),889,,,07a8840e-239a-4bab-a924-8d4a211c66f9,11/26/2025 10:15:17,16E-29(GrabTaxi),55,,10,3
,,PARQ.PARQ.OE16F.16E-30,07a8840e-239a-4bab-a924-8d4a211c66f9,02/19/2025 13:50:03,,,,PARQ.Office East Wing.16 Floor.16E-30(GrabTaxi),890,,,07a8840e-239a-4bab-a924-8d4a211c66f9,11/26/2025 10:15:17,16E-30(GrabTaxi),55,,10,3
,,"PARQ.PARQ.OW17F.AHURoom(No.1,4)",07a8840e-239a-4bab-a924-8d4a211c66f9,02/19/2025 13:50:03,,,,"PARQ.Office West Wing.17 Floor.AHU Room(No.1,4)",891,,,07a8840e-239a-4bab-a924-8d4a211c66f9,11/26/2025 10:15:17,"AHU Room(No.1,4)",39,,9,3
,,"PARQ.PARQ.OW17F.AHURoom(No.2,3)",07a8840e-239a-4bab-a924-8d4a211c66f9,02/19/2025 13:50:03,,,,"PARQ.Office West Wing.17 Floor.AHU Room(No.2,3)",892,,,07a8840e-239a-4bab-a924-8d4a211c66f9,11/26/2025 10:15:17,"AHU Room(No.2,3)",39,,9,3
,,PARQ.PARQ.OW17F.EERoom(Square),07a8840e-239a-4bab-a924-8d4a211c66f9,02/19/2025 13:50:03,,,,PARQ.Office West Wing.17 Floor.EE Room(Square),893,,,07a8840e-239a-4bab-a924-8d4a211c66f9,11/26/2025 10:15:17,EE Room(Square),39,,9,3
,,PARQ.PARQ.OW17F.EERoom(Triangle),07a8840e-239a-4bab-a924-8d4a211c66f9,02/19/2025 13:50:03,,,,PARQ.Office West Wing.17 Floor.EE Room(Triangle),894,,,07a8840e-239a-4bab-a924-8d4a211c66f9,11/26/2025 10:15:17,EE Room(Triangle),39,,9,3
,,PARQ.PARQ.OW17F.ICTRoom,07a8840e-239a-4bab-a924-8d4a211c66f9,02/19/2025 13:50:03,,,,PARQ.Office West Wing.17 Floor.ICT Room,895,,,07a8840e-239a-4bab-a924-8d4a211c66f9,11/26/2025 10:15:17,ICT Room,39,,9,3
,,PARQ.PARQ.OW17F.WomenToilet(Big),07a8840e-239a-4bab-a924-8d4a211c66f9,02/19/2025 13:50:03,,,,PARQ.Office West Wing.17 Floor.Women Toilet(Big),896,,,07a8840e-239a-4bab-a924-8d4a211c66f9,11/26/2025 10:15:17,Women Toilet(Big),39,,9,3
,,PARQ.PARQ.OW17F.WomenToilet(Small),07a8840e-239a-4bab-a924-8d4a211c66f9,02/19/2025 13:50:03,,,,PARQ.Office West Wing.17 Floor.Women Toilet(Small),897,,,07a8840e-239a-4bab-a924-8d4a211c66f9,11/26/2025 10:15:17,Women Toilet(Small),39,,9,3
,,PARQ.PARQ.OW17F.MenToilet,07a8840e-239a-4bab-a924-8d4a211c66f9,02/19/2025 13:50:03,,,,PARQ.Office West Wing.17 Floor.Men Toilet,898,,,07a8840e-239a-4bab-a924-8d4a211c66f9,11/26/2025 10:15:17,Men Toilet,39,,9,3
,,PARQ.PARQ.OW17F.AccessibleToilet,07a8840e-239a-4bab-a924-8d4a211c66f9,02/19/2025 13:50:03,,,,PARQ.Office West Wing.17 Floor.Accessible Toilet,899,,,07a8840e-239a-4bab-a924-8d4a211c66f9,11/26/2025 10:15:17,Accessible Toilet,39,,9,3
,,PARQ.PARQ.OW17F.ChangingRoom,07a8840e-239a-4bab-a924-8d4a211c66f9,02/19/2025 13:50:03,,,,PARQ.Office West Wing.17 Floor.Changing Room,900,,,07a8840e-239a-4bab-a924-8d4a211c66f9,11/26/2025 10:15:17,Changing Room,39,,9,3
,,PARQ.PARQ.OW17F.Pantry,07a8840e-239a-4bab-a924-8d4a211c66f9,02/19/2025 13:50:03,,,,PARQ.Office West Wing.17 Floor.Pantry,901,,,07a8840e-239a-4bab-a924-8d4a211c66f9,11/26/2025 10:15:17,Pantry,39,,9,3
,,PARQ.PARQ.OW17F.17W-01,07a8840e-239a-4bab-a924-8d4a211c66f9,02/19/2025 13:50:03,,,,PARQ.Office West Wing.17 Floor.17W-01(Chubb),902,,,07a8840e-239a-4bab-a924-8d4a211c66f9,11/26/2025 10:15:17,17W-01(Chubb),39,,9,3
,,PARQ.PARQ.OW17F.17W-02,07a8840e-239a-4bab-a924-8d4a211c66f9,02/19/2025 13:50:03,,,,PARQ.Office West Wing.17 Floor.17W-02(Chubb),903,,,07a8840e-239a-4bab-a924-8d4a211c66f9,11/26/2025 10:15:17,17W-02(Chubb),39,,9,3
,,PARQ.PARQ.OW17F.17W-03,07a8840e-239a-4bab-a924-8d4a211c66f9,02/19/2025 13:50:03,,,,PARQ.Office West Wing.17 Floor.17W-03(Chubb),904,,,07a8840e-239a-4bab-a924-8d4a211c66f9,11/26/2025 10:15:17,17W-03(Chubb),39,,9,3
,,PARQ.PARQ.OW17F.17W-04,07a8840e-239a-4bab-a924-8d4a211c66f9,02/19/2025 13:50:03,,,,PARQ.Office West Wing.17 Floor.17W-04(Chubb),905,,,07a8840e-239a-4bab-a924-8d4a211c66f9,11/26/2025 10:15:17,17W-04(Chubb),39,,9,3
,,PARQ.PARQ.OW17F.17W-05,07a8840e-239a-4bab-a924-8d4a211c66f9,02/19/2025 13:50:03,,,,PARQ.Office West Wing.17 Floor.17W-05(Chubb),906,,,07a8840e-239a-4bab-a924-8d4a211c66f9,11/26/2025 10:15:17,17W-05(Chubb),39,,9,3
,,PARQ.PARQ.OW17F.17W-06,07a8840e-239a-4bab-a924-8d4a211c66f9,02/19/2025 13:50:03,,,,PARQ.Office West Wing.17 Floor.17W-06(Chubb),907,,,07a8840e-239a-4bab-a924-8d4a211c66f9,11/26/2025 10:15:17,17W-06(Chubb),39,,9,3
,,PARQ.PARQ.OW17F.17W-07,07a8840e-239a-4bab-a924-8d4a211c66f9,02/19/2025 13:50:03,,,,PARQ.Office West Wing.17 Floor.17W-07(Chubb),908,,,07a8840e-239a-4bab-a924-8d4a211c66f9,11/26/2025 10:15:17,17W-07(Chubb),39,,9,3
,,PARQ.PARQ.OW17F.17W-08,07a8840e-239a-4bab-a924-8d4a211c66f9,02/19/2025 13:50:03,,,,PARQ.Office West Wing.17 Floor.17W-08(Chubb),909,,,07a8840e-239a-4bab-a924-8d4a211c66f9,11/26/2025 10:15:17,17W-08(Chubb),39,,9,3
,,PARQ.PARQ.OW17F.17W-09,07a8840e-239a-4bab-a924-8d4a211c66f9,02/19/2025 13:50:03,,,,PARQ.Office West Wing.17 Floor.17W-09(Chubb),910,,,07a8840e-239a-4bab-a924-8d4a211c66f9,11/26/2025 10:15:17,17W-09(Chubb),39,,9,3
,,PARQ.PARQ.OW17F.17W-10,07a8840e-239a-4bab-a924-8d4a211c66f9,02/19/2025 13:50:03,,,,PARQ.Office West Wing.17 Floor.17W-10(Chubb),911,,,07a8840e-239a-4bab-a924-8d4a211c66f9,11/26/2025 10:15:17,17W-10(Chubb),39,,9,3
,,PARQ.PARQ.OW17F.17W-11,07a8840e-239a-4bab-a924-8d4a211c66f9,02/19/2025 13:50:03,,,,PARQ.Office West Wing.17 Floor.17W-11(Chubb),912,,,07a8840e-239a-4bab-a924-8d4a211c66f9,11/26/2025 10:15:17,17W-11(Chubb),39,,9,3
,,PARQ.PARQ.OW17F.17W-12,07a8840e-239a-4bab-a924-8d4a211c66f9,02/19/2025 13:50:03,,,,PARQ.Office West Wing.17 Floor.17W-12(Chubb),913,,,07a8840e-239a-4bab-a924-8d4a211c66f9,11/26/2025 10:15:17,17W-12(Chubb),39,,9,3
,,PARQ.PARQ.OW17F.17W-13,07a8840e-239a-4bab-a924-8d4a211c66f9,02/19/2025 13:50:03,,,,PARQ.Office West Wing.17 Floor.17W-13(Chubb),914,,,07a8840e-239a-4bab-a924-8d4a211c66f9,11/26/2025 10:15:17,17W-13(Chubb),39,,9,3
,,PARQ.PARQ.OW17F.17W-14,07a8840e-239a-4bab-a924-8d4a211c66f9,02/19/2025 13:50:03,,,,PARQ.Office West Wing.17 Floor.17W-14(Chubb),915,,,07a8840e-239a-4bab-a924-8d4a211c66f9,11/26/2025 10:15:17,17W-14(Chubb),39,,9,3
,,PARQ.PARQ.OW17F.17W-15,07a8840e-239a-4bab-a924-8d4a211c66f9,02/19/2025 13:50:03,,,,PARQ.Office West Wing.17 Floor.17W-15(Chubb),916,,,07a8840e-239a-4bab-a924-8d4a211c66f9,11/26/2025 10:15:17,17W-15(Chubb),39,,9,3
,,"PARQ.PARQ.OE17F.AHURoom(No.1,4)",07a8840e-239a-4bab-a924-8d4a211c66f9,02/19/2025 13:50:03,,,,"PARQ.Office East Wing.17 Floor.AHU Room(No.1,4)",917,,,07a8840e-239a-4bab-a924-8d4a211c66f9,11/26/2025 10:15:17,"AHU Room(No.1,4)",56,,10,3
,,"PARQ.PARQ.OE17F.AHURoom(No.2,3)",07a8840e-239a-4bab-a924-8d4a211c66f9,02/19/2025 13:50:03,,,,"PARQ.Office East Wing.17 Floor.AHU Room(No.2,3)",918,,,07a8840e-239a-4bab-a924-8d4a211c66f9,11/26/2025 10:15:17,"AHU Room(No.2,3)",56,,10,3
,,PARQ.PARQ.OE17F.EERoom(Square),07a8840e-239a-4bab-a924-8d4a211c66f9,02/19/2025 13:50:03,,,,PARQ.Office East Wing.17 Floor.EE Room(Square),919,,,07a8840e-239a-4bab-a924-8d4a211c66f9,11/26/2025 10:15:17,EE Room(Square),56,,10,3
,,PARQ.PARQ.OE17F.EERoom(Triangle),07a8840e-239a-4bab-a924-8d4a211c66f9,02/19/2025 13:50:03,,,,PARQ.Office East Wing.17 Floor.EE Room(Triangle),920,,,07a8840e-239a-4bab-a924-8d4a211c66f9,11/26/2025 10:15:17,EE Room(Triangle),56,,10,3
,,PARQ.PARQ.OE17F.ICTRoom,07a8840e-239a-4bab-a924-8d4a211c66f9,02/19/2025 13:50:03,,,,PARQ.Office East Wing.17 Floor.ICT Room,921,,,07a8840e-239a-4bab-a924-8d4a211c66f9,11/26/2025 10:15:17,ICT Room,56,,10,3
,,PARQ.PARQ.OE17F.WomenToilet(Big),07a8840e-239a-4bab-a924-8d4a211c66f9,02/19/2025 13:50:03,,,,PARQ.Office East Wing.17 Floor.Women Toilet(Big),922,,,07a8840e-239a-4bab-a924-8d4a211c66f9,11/26/2025 10:15:17,Women Toilet(Big),56,,10,3
,,PARQ.PARQ.OE17F.WomenToilet(Small),07a8840e-239a-4bab-a924-8d4a211c66f9,02/19/2025 13:50:03,,,,PARQ.Office East Wing.17 Floor.Women Toilet(Small),923,,,07a8840e-239a-4bab-a924-8d4a211c66f9,11/26/2025 10:15:17,Women Toilet(Small),56,,10,3
,,PARQ.PARQ.OE17F.MenToilet,07a8840e-239a-4bab-a924-8d4a211c66f9,02/19/2025 13:50:03,,,,PARQ.Office East Wing.17 Floor.Men Toilet,924,,,07a8840e-239a-4bab-a924-8d4a211c66f9,11/26/2025 10:15:17,Men Toilet,56,,10,3
,,PARQ.PARQ.OE17F.AccessibleToilet,07a8840e-239a-4bab-a924-8d4a211c66f9,02/19/2025 13:50:04,,,,PARQ.Office East Wing.17 Floor.Accessible Toilet,925,,,07a8840e-239a-4bab-a924-8d4a211c66f9,11/26/2025 10:15:17,Accessible Toilet,56,,10,3
,,PARQ.PARQ.OE17F.ChangingRoom,07a8840e-239a-4bab-a924-8d4a211c66f9,02/19/2025 13:50:04,,,,PARQ.Office East Wing.17 Floor.Changing Room,926,,,07a8840e-239a-4bab-a924-8d4a211c66f9,11/26/2025 10:15:17,Changing Room,56,,10,3
,,PARQ.PARQ.OE17F.Pantry,07a8840e-239a-4bab-a924-8d4a211c66f9,02/19/2025 13:50:04,,,,PARQ.Office East Wing.17 Floor.Pantry,927,,,07a8840e-239a-4bab-a924-8d4a211c66f9,11/26/2025 10:15:17,Pantry,56,,10,3
,,PARQ.PARQ.OE17F.17E-16,07a8840e-239a-4bab-a924-8d4a211c66f9,02/19/2025 13:50:04,,,,PARQ.Office East Wing.17 Floor.17E-16(Infinitas),928,,,07a8840e-239a-4bab-a924-8d4a211c66f9,11/26/2025 10:15:17,17E-16(Infinitas),56,,10,3
,,PARQ.PARQ.OE17F.17E-17,07a8840e-239a-4bab-a924-8d4a211c66f9,02/19/2025 13:50:04,,,,PARQ.Office East Wing.17 Floor.17E-17(Infinitas),929,,,07a8840e-239a-4bab-a924-8d4a211c66f9,11/26/2025 10:15:17,17E-17(Infinitas),56,,10,3
,,PARQ.PARQ.OE17F.17E-18,07a8840e-239a-4bab-a924-8d4a211c66f9,02/19/2025 13:50:04,,,,PARQ.Office East Wing.17 Floor.17E-18(Infinitas),930,,,07a8840e-239a-4bab-a924-8d4a211c66f9,11/26/2025 10:15:17,17E-18(Infinitas),56,,10,3
,,PARQ.PARQ.OE17F.17E-19,07a8840e-239a-4bab-a924-8d4a211c66f9,02/19/2025 13:50:04,,,,PARQ.Office East Wing.17 Floor.17E-19(Infinitas),931,,,07a8840e-239a-4bab-a924-8d4a211c66f9,11/26/2025 10:15:17,17E-19(Infinitas),56,,10,3
,,PARQ.PARQ.OE17F.17E-20,07a8840e-239a-4bab-a924-8d4a211c66f9,02/19/2025 13:50:04,,,,PARQ.Office East Wing.17 Floor.17E-20(Infinitas),932,,,07a8840e-239a-4bab-a924-8d4a211c66f9,11/26/2025 10:15:17,17E-20(Infinitas),56,,10,3
,,PARQ.PARQ.OE17F.17E-21,07a8840e-239a-4bab-a924-8d4a211c66f9,02/19/2025 13:50:04,,,,PARQ.Office East Wing.17 Floor.17E-21(Infinitas),933,,,07a8840e-239a-4bab-a924-8d4a211c66f9,11/26/2025 10:15:17,17E-21(Infinitas),56,,10,3
,,PARQ.PARQ.OE17F.17E-22,07a8840e-239a-4bab-a924-8d4a211c66f9,02/19/2025 13:50:04,,,,PARQ.Office East Wing.17 Floor.17E-22(Infinitas),934,,,07a8840e-239a-4bab-a924-8d4a211c66f9,11/26/2025 10:15:17,17E-22(Infinitas),56,,10,3
,,PARQ.PARQ.OE17F.17E-23,07a8840e-239a-4bab-a924-8d4a211c66f9,02/19/2025 13:50:04,,,,PARQ.Office East Wing.17 Floor.17E-23(Infinitas),935,,,07a8840e-239a-4bab-a924-8d4a211c66f9,11/26/2025 10:15:17,17E-23(Infinitas),56,,10,3
,,PARQ.PARQ.OE17F.17E-24,07a8840e-239a-4bab-a924-8d4a211c66f9,02/19/2025 13:50:04,,,,PARQ.Office East Wing.17 Floor.17E-24(Infinitas),936,,,07a8840e-239a-4bab-a924-8d4a211c66f9,11/26/2025 10:15:17,17E-24(Infinitas),56,,10,3
,,PARQ.PARQ.OE17F.17E-25,07a8840e-239a-4bab-a924-8d4a211c66f9,02/19/2025 13:50:04,,,,PARQ.Office East Wing.17 Floor.17E-25(Infinitas),937,,,07a8840e-239a-4bab-a924-8d4a211c66f9,11/26/2025 10:15:17,17E-25(Infinitas),56,,10,3
,,PARQ.PARQ.OE17F.17E-26,07a8840e-239a-4bab-a924-8d4a211c66f9,02/19/2025 13:50:04,,,,PARQ.Office East Wing.17 Floor.17E-26(Infinitas),938,,,07a8840e-239a-4bab-a924-8d4a211c66f9,11/26/2025 10:15:17,17E-26(Infinitas),56,,10,3
,,PARQ.PARQ.OE17F.17E-27,07a8840e-239a-4bab-a924-8d4a211c66f9,02/19/2025 13:50:04,,,,PARQ.Office East Wing.17 Floor.17E-27(Infinitas),939,,,07a8840e-239a-4bab-a924-8d4a211c66f9,11/26/2025 10:15:17,17E-27(Infinitas),56,,10,3
,,PARQ.PARQ.OE17F.17E-28,07a8840e-239a-4bab-a924-8d4a211c66f9,02/19/2025 13:50:04,,,,PARQ.Office East Wing.17 Floor.17E-28(Infinitas),940,,,07a8840e-239a-4bab-a924-8d4a211c66f9,11/26/2025 10:15:17,17E-28(Infinitas),56,,10,3
,,PARQ.PARQ.OE17F.17E-29,07a8840e-239a-4bab-a924-8d4a211c66f9,02/19/2025 13:50:04,,,,PARQ.Office East Wing.17 Floor.17E-29(Infinitas),941,,,07a8840e-239a-4bab-a924-8d4a211c66f9,11/26/2025 10:15:17,17E-29(Infinitas),56,,10,3
,,PARQ.PARQ.OE17F.17E-30,07a8840e-239a-4bab-a924-8d4a211c66f9,02/19/2025 13:50:04,,,,PARQ.Office East Wing.17 Floor.17E-30(Infinitas),942,,,07a8840e-239a-4bab-a924-8d4a211c66f9,11/26/2025 10:15:17,17E-30(Infinitas),56,,10,3
,,"PARQ.PARQ.OWRF.AHURoom(No.1,4)",07a8840e-239a-4bab-a924-8d4a211c66f9,02/19/2025 13:50:04,,,,"PARQ.Office West Wing.Rooftop Floor.AHU Room(No.1,4)",943,,,07a8840e-239a-4bab-a924-8d4a211c66f9,11/26/2025 10:15:17,"AHU Room(No.1,4)",40,,9,3
,,"PARQ.PARQ.OWRF.AHURoom(No.2,3)",07a8840e-239a-4bab-a924-8d4a211c66f9,02/19/2025 13:50:04,,,,"PARQ.Office West Wing.Rooftop Floor.AHU Room(No.2,3)",944,,,07a8840e-239a-4bab-a924-8d4a211c66f9,11/26/2025 10:15:17,"AHU Room(No.2,3)",40,,9,3
,,PARQ.PARQ.OWRF.ICTRoom,07a8840e-239a-4bab-a924-8d4a211c66f9,02/19/2025 13:50:04,,,,PARQ.Office West Wing.Rooftop Floor.ICT Room,945,,,07a8840e-239a-4bab-a924-8d4a211c66f9,11/26/2025 10:15:17,ICT Room,40,,9,3
,,PARQ.PARQ.OWRF.EE Room(Square),07a8840e-239a-4bab-a924-8d4a211c66f9,02/19/2025 13:50:04,,,,PARQ.Office West Wing.Rooftop Floor.EE Room(Square),946,,,07a8840e-239a-4bab-a924-8d4a211c66f9,11/26/2025 10:15:17,EE Room(Square),40,,9,3
,,PARQ.PARQ.OWRF.EE Room(Triangle),07a8840e-239a-4bab-a924-8d4a211c66f9,02/19/2025 13:50:04,,,,PARQ.Office West Wing.Rooftop Floor.EE Room(Triangle),947,,,07a8840e-239a-4bab-a924-8d4a211c66f9,11/26/2025 10:15:17,EE Room(Triangle),40,,9,3
,,PARQ.PARQ.OWRF.SanitaryShaft,07a8840e-239a-4bab-a924-8d4a211c66f9,02/19/2025 13:50:04,,,,PARQ.Office West Wing.Rooftop Floor.Sanitary Shaft,948,,,07a8840e-239a-4bab-a924-8d4a211c66f9,11/26/2025 10:15:17,Sanitary Shaft,40,,9,3
,,"PARQ.PARQ.OERF.AHURoom(No.1,4)",07a8840e-239a-4bab-a924-8d4a211c66f9,02/19/2025 13:50:04,,,,"PARQ.Office East Wing.Rooftop Floor.AHU Room(No.1,4)",949,,,07a8840e-239a-4bab-a924-8d4a211c66f9,11/26/2025 10:15:17,"AHU Room(No.1,4)",57,,10,3
,,"PARQ.PARQ.OERF.AHURoom(No.2,3)",07a8840e-239a-4bab-a924-8d4a211c66f9,02/19/2025 13:50:04,,,,"PARQ.Office East Wing.Rooftop Floor.AHU Room(No.2,3)",950,,,07a8840e-239a-4bab-a924-8d4a211c66f9,11/26/2025 10:15:17,"AHU Room(No.2,3)",57,,10,3
,,PARQ.PARQ.OERF.ICTRoom,07a8840e-239a-4bab-a924-8d4a211c66f9,02/19/2025 13:50:04,,,,PARQ.Office East Wing.Rooftop Floor.ICT Room,951,,,07a8840e-239a-4bab-a924-8d4a211c66f9,11/26/2025 10:15:17,ICT Room,57,,10,3
,,PARQ.PARQ.OERF.EE Room(Square),07a8840e-239a-4bab-a924-8d4a211c66f9,02/19/2025 13:50:04,,,,PARQ.Office East Wing.Rooftop Floor.EE Room(Square),952,,,07a8840e-239a-4bab-a924-8d4a211c66f9,11/26/2025 10:15:17,EE Room(Square),57,,10,3
,,PARQ.PARQ.OERF.EE Room(Triangle),07a8840e-239a-4bab-a924-8d4a211c66f9,02/19/2025 13:50:04,,,,PARQ.Office East Wing.Rooftop Floor.EE Room(Triangle),953,,,07a8840e-239a-4bab-a924-8d4a211c66f9,11/26/2025 10:15:17,EE Room(Triangle),57,,10,3
,,PARQ.PARQ.OERF.SanitaryShaft,07a8840e-239a-4bab-a924-8d4a211c66f9,02/19/2025 13:50:04,,,,PARQ.Office East Wing.Rooftop Floor.Sanitary Shaft,954,,,07a8840e-239a-4bab-a924-8d4a211c66f9,11/26/2025 10:15:17,Sanitary Shaft,57,,10,3
,,PARQ.PARQ.FireCommandRoom,ba844378-2b25-41bd-8c32-977c1f8f0fba,02/20/2025 10:43:45,,,,PARQ.PARQ.Fire Command Room,955,,,ba844378-2b25-41bd-8c32-977c1f8f0fba,02/25/2026 12:19:36,Fire Command Room,974,,974,3
,,PARQ.PARQ.CCTVRoom,ba844378-2b25-41bd-8c32-977c1f8f0fba,02/20/2025 10:43:45,,,,PARQ.PARQ.CCTV Command Room,956,,,ba844378-2b25-41bd-8c32-977c1f8f0fba,02/25/2026 12:20:40,CCTV Command Room,974,,974,3
,,PARQ.PARQ.EngineeringRoom,ba844378-2b25-41bd-8c32-977c1f8f0fba,02/20/2025 10:43:45,,,,PARQ.PARQ.Engineering Room,957,,,ba844378-2b25-41bd-8c32-977c1f8f0fba,02/25/2026 12:20:58,Engineering Room,974,,974,3
,,PARQ.PARQ.CPB2.West.EERoom,ba844378-2b25-41bd-8c32-977c1f8f0fba,02/27/2025 15:28:04,,,,PARQ.Car Park.Car Park B2.EE Room,958,,,ba844378-2b25-41bd-8c32-977c1f8f0fba,11/26/2025 10:15:17,EE Room,12,,6,3
,,PARQ.PARQ.CPB2.East.EERoom,ba844378-2b25-41bd-8c32-977c1f8f0fba,02/27/2025 15:28:04,,,,PARQ.Car Park.Car Park B2.EE Room East,959,,,ba844378-2b25-41bd-8c32-977c1f8f0fba,11/26/2025 10:15:17,EE Room East,12,,6,3
,,PARQ.PARQ.RW1F.EE Room,ba844378-2b25-41bd-8c32-977c1f8f0fba,02/27/2025 15:28:04,,,,PARQ.Retail West Wing.1 Floor.EE Room,960,,,ba844378-2b25-41bd-8c32-977c1f8f0fba,11/26/2025 10:15:17,EE Room,16,,7,3
,,PARQ.PARQ.RE1F.EE Room,ba844378-2b25-41bd-8c32-977c1f8f0fba,02/27/2025 15:28:04,,,,PARQ.Retail East Wing.1 Floor.EE Room,961,,,ba844378-2b25-41bd-8c32-977c1f8f0fba,11/26/2025 10:15:17,EE Room,21,,8,3
,,PARQ.PARQ.RW2F-EERoom,ba844378-2b25-41bd-8c32-977c1f8f0fba,02/27/2025 15:28:04,,,,PARQ.Retail West Wing.2 Floor.EE Room,962,,,ba844378-2b25-41bd-8c32-977c1f8f0fba,11/26/2025 10:15:17,EE Room,17,,7,3
,,PARQ.PARQ.OE4F.EERoom(Square),ba844378-2b25-41bd-8c32-977c1f8f0fba,02/27/2025 15:28:04,,,,PARQ.Office East Wing.4 Floor.EE Room(Square),963,,,ba844378-2b25-41bd-8c32-977c1f8f0fba,11/26/2025 10:15:17,EE Room(Square),44,,10,3
,,PARQ.PARQ.OE4F.EERoom(Triangle),ba844378-2b25-41bd-8c32-977c1f8f0fba,02/27/2025 15:28:04,,,,PARQ.Office East Wing.4 Floor.EE Room(Triangle),964,,,ba844378-2b25-41bd-8c32-977c1f8f0fba,11/26/2025 10:15:17,EE Room(Triangle),44,,10,3
,,PARQ.PARQ.RE3F.PumpRoom,07a8840e-239a-4bab-a924-8d4a211c66f9,02/28/2025 21:02:57,,,,PARQ.Retail East Wing.3 Floor.Pump Room,971,,,07a8840e-239a-4bab-a924-8d4a211c66f9,11/26/2025 10:15:17,Pump Room,23,,8,3
,,PARQ.PARQ.RW3F.PumpRoom,07a8840e-239a-4bab-a924-8d4a211c66f9,02/28/2025 21:03:47,,,,PARQ.Retail West Wing.3 Floor.PumpRoom,972,,,07a8840e-239a-4bab-a924-8d4a211c66f9,11/26/2025 10:15:17,PumpRoom,18,,7,3
,,PARQ.PARQ.CPExt,07a8840e-239a-4bab-a924-8d4a211c66f9,02/28/2025 22:11:43,,,1,PARQ.Car Park.External Perimeter,973,,,07a8840e-239a-4bab-a924-8d4a211c66f9,11/26/2025 10:15:17,External Perimeter,6,,6,2
,,PARQ.Component,07a8840e-239a-4bab-a924-8d4a211c66f9,03/02/2025 11:23:21,,,,PARQ.PARQ,974,,,07a8840e-239a-4bab-a924-8d4a211c66f9,11/26/2025 10:15:17,PARQ,1,,974,1
,,PARQ.PARQ.RE.F2.OP208,3903b52d-b039-4dee-ad5a-2d5c74b95cb7,05/13/2025 10:44:56,,,,PARQ.Retail East Wing.2 Floor.OP208,975,,,3903b52d-b039-4dee-ad5a-2d5c74b95cb7,11/26/2025 10:15:17,OP208,22,,8,3
,,PARQ.PARQ.RE3F.MenToilet,ad8db076-5f3f-483c-b54d-ffb6fbcdf89f,08/05/2025 16:59:00,,,,PARQ.Retail East Wing.3 Floor.Men Toilet,976,,,ad8db076-5f3f-483c-b54d-ffb6fbcdf89f,11/26/2025 10:15:17,Men Toilet,23,,8,3
,,PARQ.PARQ.RE3F.WomenToilet,ad8db076-5f3f-483c-b54d-ffb6fbcdf89f,08/05/2025 17:01:16,,,,PARQ.Retail East Wing.3 Floor.Women Toilet,977,,,ad8db076-5f3f-483c-b54d-ffb6fbcdf89f,11/26/2025 10:15:17,Women Toilet,23,,8,3
,,PARQ.PARQ.LIFT-L1,3903b52d-b039-4dee-ad5a-2d5c74b95cb7,10/27/2025 18:10:32,,,,PARQ.Office West Wing.Passenger Lift Low Zone L1,1008,,,3903b52d-b039-4dee-ad5a-2d5c74b95cb7,11/26/2025 10:15:17,Passenger Lift Low Zone L1,9,,9,2
,,PARQ.PARQ.LIFT-L2,3903b52d-b039-4dee-ad5a-2d5c74b95cb7,10/27/2025 18:10:32,,,,PARQ.Office West Wing.Passenger Lift Low Zone L2,1009,,,3903b52d-b039-4dee-ad5a-2d5c74b95cb7,11/26/2025 10:15:17,Passenger Lift Low Zone L2,9,,9,2
,,PARQ.PARQ.LIFT-L3,3903b52d-b039-4dee-ad5a-2d5c74b95cb7,10/27/2025 18:10:32,,,,PARQ.Office West Wing.Passenger Lift Low Zone L3,1010,,,3903b52d-b039-4dee-ad5a-2d5c74b95cb7,11/26/2025 10:15:17,Passenger Lift Low Zone L3,9,,9,2
,,PARQ.PARQ.LIFT-L4,3903b52d-b039-4dee-ad5a-2d5c74b95cb7,10/27/2025 18:10:32,,,,PARQ.Office West Wing.Passenger Lift Low Zone L4,1011,,,3903b52d-b039-4dee-ad5a-2d5c74b95cb7,11/26/2025 10:15:17,Passenger Lift Low Zone L4,9,,9,2
,,PARQ.PARQ.LIFT-L5,3903b52d-b039-4dee-ad5a-2d5c74b95cb7,10/27/2025 18:10:32,,,,PARQ.Office East Wing.Passenger Lift Low Zone L5,1012,,,3903b52d-b039-4dee-ad5a-2d5c74b95cb7,11/26/2025 10:15:17,Passenger Lift Low Zone L5,10,,10,2
,,PARQ.PARQ.LIFT-L6,3903b52d-b039-4dee-ad5a-2d5c74b95cb7,10/27/2025 18:10:32,,,,PARQ.Office East Wing.Passenger Lift Low Zone L6,1013,,,3903b52d-b039-4dee-ad5a-2d5c74b95cb7,11/26/2025 10:15:17,Passenger Lift Low Zone L6,10,,10,2
,,PARQ.PARQ.LIFT-L7,3903b52d-b039-4dee-ad5a-2d5c74b95cb7,10/27/2025 18:10:32,,,,PARQ.Office East Wing.Passenger Lift Low Zone L7,1014,,,3903b52d-b039-4dee-ad5a-2d5c74b95cb7,11/26/2025 10:15:17,Passenger Lift Low Zone L7,10,,10,2
,,PARQ.PARQ.LIFT-L8,3903b52d-b039-4dee-ad5a-2d5c74b95cb7,10/27/2025 18:10:32,,,,PARQ.Office East Wing.Passenger Lift Low Zone L8,1015,,,3903b52d-b039-4dee-ad5a-2d5c74b95cb7,11/26/2025 10:15:17,Passenger Lift Low Zone L8,10,,10,2
,,PARQ.PARQ.LIFT-H1,3903b52d-b039-4dee-ad5a-2d5c74b95cb7,10/27/2025 18:10:32,,,,PARQ.Office West Wing.Passenger Lift High Zone H1,1016,,,3903b52d-b039-4dee-ad5a-2d5c74b95cb7,11/26/2025 10:15:17,Passenger Lift High Zone H1,9,,9,2
,,PARQ.PARQ.LIFT-H2,3903b52d-b039-4dee-ad5a-2d5c74b95cb7,10/27/2025 18:10:32,,,,PARQ.Office West Wing.Passenger Lift High Zone H2,1017,,,3903b52d-b039-4dee-ad5a-2d5c74b95cb7,11/26/2025 10:15:17,Passenger Lift High Zone H2,9,,9,2
,,PARQ.PARQ.LIFT-H3,3903b52d-b039-4dee-ad5a-2d5c74b95cb7,10/27/2025 18:10:32,,,,PARQ.Office West Wing.Passenger Lift High Zone H3,1018,,,3903b52d-b039-4dee-ad5a-2d5c74b95cb7,11/26/2025 10:15:17,Passenger Lift High Zone H3,9,,9,2
,,PARQ.PARQ.LIFT-H4,3903b52d-b039-4dee-ad5a-2d5c74b95cb7,10/27/2025 18:10:32,,,,PARQ.Office West Wing.Passenger Lift High Zone H4,1019,,,3903b52d-b039-4dee-ad5a-2d5c74b95cb7,11/26/2025 10:15:17,Passenger Lift High Zone H4,9,,9,2
,,PARQ.PARQ.LIFT-H5,3903b52d-b039-4dee-ad5a-2d5c74b95cb7,10/27/2025 18:10:32,,,,PARQ.Office East Wing.Passenger Lift High Zone H5,1020,,,3903b52d-b039-4dee-ad5a-2d5c74b95cb7,11/26/2025 10:15:17,Passenger Lift High Zone H5,10,,10,2
,,PARQ.PARQ.LIFT-H6,3903b52d-b039-4dee-ad5a-2d5c74b95cb7,10/27/2025 18:10:32,,,,PARQ.Office East Wing.Passenger Lift High Zone H6,1021,,,3903b52d-b039-4dee-ad5a-2d5c74b95cb7,11/26/2025 10:15:17,Passenger Lift High Zone H6,10,,10,2
,,PARQ.PARQ.LIFT-H7,3903b52d-b039-4dee-ad5a-2d5c74b95cb7,10/27/2025 18:10:32,,,,PARQ.Office East Wing.Passenger Lift High Zone H7,1022,,,3903b52d-b039-4dee-ad5a-2d5c74b95cb7,11/26/2025 10:15:17,Passenger Lift High Zone H7,10,,10,2
,,PARQ.PARQ.LIFT-H8,3903b52d-b039-4dee-ad5a-2d5c74b95cb7,10/27/2025 18:10:32,,,,PARQ.Office East Wing.Passenger Lift High Zone H8,1023,,,3903b52d-b039-4dee-ad5a-2d5c74b95cb7,11/26/2025 10:15:17,Passenger Lift High Zone H8,10,,10,2
,,PARQ.PARQ.LIFT-CP-01,3903b52d-b039-4dee-ad5a-2d5c74b95cb7,10/27/2025 18:10:32,,,,PARQ.Retail West Wing.Parking Passenger Lift CP1,1024,,,3903b52d-b039-4dee-ad5a-2d5c74b95cb7,11/26/2025 10:15:17,Parking Passenger Lift CP1,7,,7,2
,,PARQ.PARQ.LIFT-CP-02,3903b52d-b039-4dee-ad5a-2d5c74b95cb7,10/27/2025 18:10:32,,,,PARQ.Retail West Wing.Parking Passenger Lift CP2,1025,,,3903b52d-b039-4dee-ad5a-2d5c74b95cb7,11/26/2025 10:15:17,Parking Passenger Lift CP2,7,,7,2
,,PARQ.PARQ.LIFT-CP-03,3903b52d-b039-4dee-ad5a-2d5c74b95cb7,10/27/2025 18:10:32,,,,PARQ.Retail East Wing.Parking Passenger Lift CP3,1026,,,3903b52d-b039-4dee-ad5a-2d5c74b95cb7,11/26/2025 10:15:17,Parking Passenger Lift CP3,8,,8,2
,,PARQ.PARQ.LIFT-CP-04,3903b52d-b039-4dee-ad5a-2d5c74b95cb7,10/27/2025 18:10:32,,,,PARQ.Retail East Wing.Parking Passenger Lift CP4,1027,,,3903b52d-b039-4dee-ad5a-2d5c74b95cb7,11/26/2025 10:15:17,Parking Passenger Lift CP4,8,,8,2
,,PARQ.PARQ.LIFT-SL-01,3903b52d-b039-4dee-ad5a-2d5c74b95cb7,10/27/2025 18:10:32,,,,PARQ.Retail West Wing.Service Lift SL1,1028,,,3903b52d-b039-4dee-ad5a-2d5c74b95cb7,11/26/2025 10:15:17,Service Lift SL1,7,,7,2
,,PARQ.PARQ.LIFT-SL-02,3903b52d-b039-4dee-ad5a-2d5c74b95cb7,10/27/2025 18:10:32,,,,PARQ.Retail West Wing.Service Lift SL2,1029,,,3903b52d-b039-4dee-ad5a-2d5c74b95cb7,11/26/2025 10:15:17,Service Lift SL2,7,,7,2
,,PARQ.PARQ.LIFT-SL-03,3903b52d-b039-4dee-ad5a-2d5c74b95cb7,10/27/2025 18:10:32,,,,PARQ.Retail East Wing.Service Lift SL3,1030,,,3903b52d-b039-4dee-ad5a-2d5c74b95cb7,11/26/2025 10:15:17,Service Lift SL3,8,,8,2
,,PARQ.PARQ.LIFT-SL-04,3903b52d-b039-4dee-ad5a-2d5c74b95cb7,10/27/2025 18:10:32,,,,PARQ.Retail East Wing.Service Lift SL4,1031,,,3903b52d-b039-4dee-ad5a-2d5c74b95cb7,11/26/2025 10:15:17,Service Lift SL4,8,,8,2
,,PARQ.PARQ.LIFT-SL-05,3903b52d-b039-4dee-ad5a-2d5c74b95cb7,10/27/2025 18:10:32,,,,PARQ.Retail West Wing.Service Lift SL5,1032,,,3903b52d-b039-4dee-ad5a-2d5c74b95cb7,11/26/2025 10:15:17,Service Lift SL5,7,,7,2
,,PARQ.PARQ.LIFT-SL-06,3903b52d-b039-4dee-ad5a-2d5c74b95cb7,10/27/2025 18:10:32,,,,PARQ.Retail West Wing.Service Lift SL6,1033,,,3903b52d-b039-4dee-ad5a-2d5c74b95cb7,11/26/2025 10:15:17,Service Lift SL6,7,,7,2
,,PARQ.PARQ.LIFT-SL-07,3903b52d-b039-4dee-ad5a-2d5c74b95cb7,10/27/2025 18:10:32,,,,PARQ.Retail West Wing.Service Lift SL7,1034,,,3903b52d-b039-4dee-ad5a-2d5c74b95cb7,11/26/2025 10:15:17,Service Lift SL7,7,,7,2
,,PARQ.PARQ.LIFT-SL-08,3903b52d-b039-4dee-ad5a-2d5c74b95cb7,10/27/2025 18:10:32,,,,PARQ.Retail West Wing.Service Lift SL8,1035,,,3903b52d-b039-4dee-ad5a-2d5c74b95cb7,11/26/2025 10:15:17,Service Lift SL8,7,,7,2
,,PARQ.PARQ.LIFT-FL1,3903b52d-b039-4dee-ad5a-2d5c74b95cb7,10/27/2025 18:10:32,,,,PARQ.Retail West Wing.Fireman Lift FL1,1036,,,3903b52d-b039-4dee-ad5a-2d5c74b95cb7,11/26/2025 10:15:17,Fireman Lift FL1,7,,7,2
,,PARQ.PARQ.LIFT-FL2,3903b52d-b039-4dee-ad5a-2d5c74b95cb7,10/27/2025 18:10:32,,,,PARQ.Retail East Wing.Fireman Lift FL2,1037,,,3903b52d-b039-4dee-ad5a-2d5c74b95cb7,11/26/2025 10:15:17,Fireman Lift FL2,8,,8,2
